Tarih,Saat,Enlem,Boylam,Derinlik (km),Büyüklük,Yer
2024.11.25,18:06:42,37.5495,36.4232,5.0,1.9,ARIKLAR-ANDIRIN (KAHRAMANMARAS) �lksel
2024.11.25,17:08:55,37.4192,26.845,3.8,2.2,ONIKI ADALAR (AKDENIZ) �lksel
2024.11.25,16:26:15,37.6695,37.2435,11.2,1.8,EMIRUSAGI-CAGLAYANCERIT (KAHRAMANMARAS) �lksel
2024.11.25,16:19:49,37.9258,36.1687,7.0,1.9,EYUPLU-SAIMBEYLI (ADANA) �lksel
2024.11.25,15:16:09,38.5168,29.1895,12.0,1.5,KUCUKILYASLI-ULUBEY (USAK) �lksel
2024.11.25,14:35:27,39.8862,26.1093,7.4,2.1,KUMBURUN-EZINE (CANAKKALE) �lksel
2024.11.25,14:28:43,38.5667,42.7102,6.8,2.1,CANAKDUZU-TATVAN (BITLIS) �lksel
2024.11.25,14:18:33,37.4728,33.7423,9.7,2.2,BOGECIK-AYRANCI (KARAMAN) �lksel
2024.11.25,13:55:10,40.3342,24.169,6.1,2.5,YUNANISTAN �lksel
2024.11.25,12:11:39,39.4685,28.1142,5.4,1.7,DEGIRMENLI-BIGADIC (BALIKESIR) �lksel
2024.11.25,10:36:36,38.354,38.7612,5.0,2.7,CANAKCI-KALE (MALATYA) �lksel
2024.11.25,09:43:20,40.2667,24.1293,7.0,1.9,YUNANISTAN �lksel
2024.11.25,09:37:06,38.7707,40.0008,4.4,2.2,SARIBUGDAY-KOVANCILAR (ELAZIG) �lksel
2024.11.25,09:10:05,38.033,37.56,16.3,2.0,TATLAR-NURHAK (KAHRAMANMARAS) �lksel
2024.11.25,08:46:34,39.5675,42.9568,27.3,1.5,SESLIDOGAN-HAMUR (AGRI) �lksel
2024.11.25,08:42:44,39.557,29.1113,10.7,1.7,DUMREKHUSEYINPASA-TAVSANLI (KUTAHYA) �lksel
2024.11.25,07:54:15,37.824,37.6262,9.3,1.9,CATALTEPE-GOLBASI (ADIYAMAN) �lksel
2024.11.25,06:11:52,40.1778,31.7335,9.7,2.3,SEKLI-BEYPAZARI (ANKARA) �lksel
2024.11.25,05:17:51,38.5858,38.0962,2.7,2.0,MISIRDERE-YAZIHAN (MALATYA) �lksel
2024.11.25,04:49:08,39.6462,28.5267,13.7,1.6,UMURLAR-DURSUNBEY (BALIKESIR) �lksel
2024.11.25,04:39:16,37.1272,28.8973,5.3,1.5,OTMANLAR-KOYCEGIZ (MUGLA) �lksel
2024.11.25,03:58:19,40.265,31.6812,19.0,1.5,DUDAS-BEYPAZARI (ANKARA) �lksel
2024.11.25,03:44:56,37.8158,29.0007,15.7,1.8,YESILYAYLA-(DENIZLI) �lksel
2024.11.25,03:24:45,38.1623,26.0275,8.4,1.7,SAKIZ ADASI (EGE DENIZI) �lksel
2024.11.25,02:56:54,37.5822,35.8267,7.4,1.5,DUZAGAC-KOZAN (ADANA) �lksel
2024.11.25,02:29:21,39.6705,25.547,10.7,2.3,EGE DENIZI �lksel
2024.11.24,23:29:48,37.1205,28.4038,26.3,1.0,ULA (MUGLA) �lksel
2024.11.24,22:56:16,37.308,28.263,13.7,1.2,DESTIN-YATAGAN (MUGLA) �lksel
2024.11.24,22:04:28,40.5798,34.5225,9.4,1.5,KUMCELTEGI-(CORUM) �lksel
2024.11.24,21:42:05,37.7622,36.2402,8.5,1.8,HALILBEYLI-SAIMBEYLI (ADANA) �lksel
2024.11.24,21:25:03,40.2925,26.9988,7.4,2.6,GURGENDERE-BIGA (CANAKKALE) �lksel
2024.11.24,21:15:44,40.6853,31.4525,8.1,1.7,OMERLER-(BOLU) �lksel
2024.11.24,20:38:51,37.5227,35.9595,5.3,2.5,ESKIMANTAS-KOZAN (ADANA) �lksel
2024.11.24,19:41:38,37.5745,29.9805,13.2,1.6,DUGER-(BURDUR) �lksel
2024.11.24,19:27:42,38.0755,36.6668,5.3,2.4,GUCUKSU-GOKSUN (KAHRAMANMARAS) �lksel
2024.11.24,18:48:50,37.9455,36.2192,5.0,1.9,KALEBOYNU-GOKSUN (KAHRAMANMARAS) �lksel
2024.11.24,18:18:25,37.9317,29.1658,8.6,2.1,YENIKOY-(DENIZLI) �lksel
2024.11.24,18:13:35,39.4805,28.2017,5.0,2.0,CAMKOY-BIGADIC (BALIKESIR) �lksel
2024.11.24,16:54:42,36.6385,36.3427,7.5,3.2,KALEDIBI-ISKENDERUN (HATAY) �lksel
2024.11.24,15:12:19,38.8137,25.6028,5.0,2.1,EGE DENIZI �lksel
2024.11.24,14:27:06,39.4642,39.9365,5.0,3.2,KOZLUCE-PULUMUR (TUNCELI) �lksel
2024.11.24,13:01:35,39.403,38.312,5.0,2.5,COBANDURAGI-DIVRIGI (SIVAS) �lksel
2024.11.24,11:39:57,35.9617,28.5818,17.9,2.7,AKDENIZ �lksel
2024.11.24,10:17:12,37.0553,28.0797,7.4,1.8,ZEYTIN-(MUGLA) �lksel
2024.11.24,10:06:44,40.0065,42.9518,5.3,2.0,CATALIPASA-(AGRI) �lksel
2024.11.24,07:52:37,40.3568,27.4878,5.4,1.5,GUVEMALANI-BIGA (CANAKKALE) �lksel
2024.11.24,07:07:45,35.3057,32.6328,15.9,2.1,AKDENIZ �lksel
2024.11.24,05:58:46,40.0848,42.9308,5.0,2.4,DENIZGOLU-KAGIZMAN (KARS) �lksel
2024.11.24,05:14:41,36.6172,36.3513,5.4,2.0,ALIBEYCAGILI-KIRIKHAN (HATAY) �lksel
2024.11.24,05:04:35,36.7003,36.206,21.8,1.0,AZGANLIK-ISKENDERUN (HATAY) �lksel
2024.11.24,04:56:00,40.0853,42.8312,25.8,1.7,YARKAYA-SARIKAMIS (KARS) �lksel
2024.11.24,04:55:10,40.0758,42.8997,7.6,2.0,DENIZGOLU-KAGIZMAN (KARS) �lksel
2024.11.24,04:47:57,40.077,42.945,5.0,3.9,KULOGLU-KAGIZMAN (KARS) �lksel
2024.11.24,03:52:23,38.6815,39.3357,28.9,1.1,GUNEYCAYIRI-(ELAZIG) �lksel
2024.11.24,03:09:57,37.044,28.5055,20.7,1.6,KARABOGURTLEN-ULA (MUGLA) �lksel
2024.11.24,02:38:57,36.8802,27.254,4.5,1.7,KOS ADASI (AKDENIZ) �lksel
2024.11.24,02:34:55,38.8225,37.3398,4.7,1.4,CAMLICA-GURUN (SIVAS) �lksel
2024.11.24,02:06:25,38.4255,38.9148,6.6,1.4,HACIHUSEYINLER-BASKIL (ELAZIG) �lksel
2024.11.24,02:06:17,40.9105,36.0262,5.0,2.6,MAZLUMOGLU-LADIK (SAMSUN) �lksel
2024.11.24,01:22:38,37.9927,42.9005,7.0,2.6,KORULU-CATAK (VAN) �lksel
2024.11.24,01:08:30,38.3752,37.8745,29.6,1.3,BAYRAMUSAGI-AKCADAG (MALATYA) �lksel
2024.11.24,00:58:47,38.495,42.8923,2.8,1.6,INKOY-GEVAS (VAN) �lksel
2024.11.24,00:10:52,40.7442,30.8315,13.5,1.9,KARADERE-HENDEK (SAKARYA) �lksel
2024.11.23,23:48:13,39.33,42.2098,3.9,1.9,KARAGOZ-KARACOBAN (ERZURUM) �lksel
2024.11.23,23:35:50,38.141,36.8887,5.0,1.9,ESENCE-AFSIN (KAHRAMANMARAS) �lksel
2024.11.23,22:13:58,38.3248,37.3858,8.7,1.5,AKSAKAL-ELBISTAN (KAHRAMANMARAS) �lksel
2024.11.23,21:56:00,39.9407,27.4075,13.9,1.4,KIZILDAM-YENICE (CANAKKALE) �lksel
2024.11.23,21:41:54,35.7843,25.5422,9.0,2.8,AKDENIZ �lksel
2024.11.23,21:25:23,38.244,38.1423,0.0,1.5,GORGU-YESILYURT (MALATYA) �lksel
2024.11.23,21:06:05,40.2745,31.6845,29.0,1.9,DUDAS-BEYPAZARI (ANKARA) �lksel
2024.11.23,19:25:51,36.9792,29.439,7.1,2.1,IBECIK-GOLHISAR (BURDUR) �lksel
2024.11.23,18:54:18,38.1743,37.8875,9.4,1.8,KARATERZI-DOGANSEHIR (MALATYA) �lksel
2024.11.23,18:49:01,38.0162,37.5903,5.4,1.9,GOVDELI-DOGANSEHIR (MALATYA) �lksel
2024.11.23,18:45:50,34.8213,32.7458,25.0,1.7,KIBRIS RUM KESIMI �lksel
2024.11.23,18:26:23,37.1958,27.9083,0.0,1.8,KAYADERE-MILAS (MUGLA) �lksel
2024.11.23,17:42:58,39.7942,27.6107,11.3,1.5,KADIKOY-BALYA (BALIKESIR) �lksel
2024.11.23,17:11:21,40.352,24.1678,8.2,2.4,YUNANISTAN �lksel
2024.11.23,16:36:04,38.3873,37.4907,8.0,1.5,YALINTAS-ELBISTAN (KAHRAMANMARAS) �lksel
2024.11.23,15:57:14,39.3803,28.2675,7.1,2.8,DURASILAR-BIGADIC (BALIKESIR) �lksel
2024.11.23,15:41:10,38.7257,39.9182,6.3,2.9,SARAYBAHCE-KOVANCILAR (ELAZIG) �lksel
2024.11.23,14:51:43,37.8717,29.2005,2.9,1.8,ELDENIZLI-(DENIZLI) �lksel
2024.11.23,13:56:19,40.2427,31.7345,11.9,1.9,DUDAS-BEYPAZARI (ANKARA) �lksel
2024.11.23,12:31:22,34.4795,25.2712,9.5,3.7,GIRIT ADASI ACIKLARI (AKDENIZ) �lksel
2024.11.23,12:09:42,38.4088,28.7367,25.7,1.6,BATTALMUSTAFA-KULA (MANISA) �lksel
2024.11.23,12:02:02,37.0278,35.7495,5.0,1.0,YILANKALE-CEYHAN (ADANA) �lksel
2024.11.23,11:22:58,36.6098,36.3708,4.0,2.4,ALIBEYCAGILI-KIRIKHAN (HATAY) �lksel
2024.11.23,10:51:14,37.3292,28.2615,3.6,1.6,DESTIN-YATAGAN (MUGLA) �lksel
2024.11.23,09:42:36,38.1653,37.1727,16.9,1.9,TASBURUN-ELBISTAN (KAHRAMANMARAS) �lksel
2024.11.23,09:16:33,40.3223,29.405,7.0,2.4,BURCUN-YENISEHIR (BURSA) �lksel
2024.11.23,09:11:34,40.3412,29.4205,8.4,1.7,BAYIRKOY-ORHANGAZI (BURSA) �lksel
2024.11.23,08:42:43,40.3573,31.8588,14.5,1.8,TASLIK-KIBRISCIK (BOLU) �lksel
2024.11.23,08:09:52,38.8265,37.4635,1.1,0.9,BAGLICAY-GURUN (SIVAS) �lksel
2024.11.23,07:28:15,38.0743,37.6417,1.8,2.3,BEGRE-DOGANSEHIR (MALATYA) �lksel
2024.11.23,06:30:29,36.5772,36.3535,7.1,1.4,CEYLANLI-KIRIKHAN (HATAY) �lksel
2024.11.23,05:52:37,38.0558,37.6502,5.3,1.2,BEGRE-DOGANSEHIR (MALATYA) �lksel
2024.11.23,05:45:37,38.0883,36.6193,8.9,1.3,KANLIKAVAK-GOKSUN (KAHRAMANMARAS) �lksel
2024.11.23,05:29:25,37.9732,37.9827,2.4,1.3,RESADIYE-DOGANSEHIR (MALATYA) �lksel
2024.11.23,05:11:26,38.2622,37.8168,5.2,1.8,DEDEYAZI-DOGANSEHIR (MALATYA) �lksel
2024.11.23,04:55:37,38.2293,37.7287,5.3,1.2,HARUNUSAGI-AKCADAG (MALATYA) �lksel
2024.11.23,04:55:31,36.6247,28.02,47.4,1.8,BOZBURUN-MARMARIS (MUGLA) �lksel
2024.11.23,04:53:49,40.1915,31.7128,8.5,2.2,SEKLI-BEYPAZARI (ANKARA) �lksel
2024.11.23,04:46:51,38.3655,38.7413,5.0,3.2,IKIZPINAR-KALE (MALATYA) �lksel
2024.11.23,04:42:00,40.1813,31.7457,9.4,1.7,HIRKATEPE-BEYPAZARI (ANKARA) �lksel
2024.11.23,04:37:23,39.8248,41.8297,4.5,2.0,MARIFET-KOPRUKOY (ERZURUM) �lksel
2024.11.23,04:32:54,39.8072,41.8572,2.8,2.6,SARITAS-KOPRUKOY (ERZURUM) �lksel
2024.11.23,03:26:10,38.427,37.4748,7.5,1.3,SUGUL-DARENDE (MALATYA) �lksel
2024.11.23,03:25:02,38.179,36.8917,5.6,1.6,HUYUKLU-AFSIN (KAHRAMANMARAS) �lksel
2024.11.23,02:53:25,38.1082,36.5878,12.0,1.2,KANLIKAVAK-GOKSUN (KAHRAMANMARAS) �lksel
2024.11.23,02:50:22,38.3923,38.8968,1.6,0.9,YAYLANLI-BASKIL (ELAZIG) �lksel
2024.11.23,00:39:01,37.8195,37.6913,11.8,1.5,OZAN-GOLBASI (ADIYAMAN) �lksel
2024.11.23,00:33:17,37.5788,37.18,5.3,1.4,KUZUCAK-(KAHRAMANMARAS) �lksel
2024.11.23,00:28:01,37.9193,37.2838,4.9,1.6,UMUTLU-NURHAK (KAHRAMANMARAS) �lksel
2024.11.23,00:25:03,37.1578,30.572,8.0,1.5,KOVANLIK-DOSEMEALTI (ANTALYA) �lksel
2024.11.22,23:59:34,38.1297,38.31,9.0,1.6,KALECIK-CELIKHAN (ADIYAMAN) �lksel
2024.11.22,23:23:07,38.313,38.7983,5.0,2.1,BOLUKKAYA-PUTURGE (MALATYA) �lksel
2024.11.22,23:05:44,36.4033,42.7133,6.0,3.3,IRAK �lksel
2024.11.22,22:18:29,38.379,38.7035,9.3,1.7,DARIPINAR-KALE (MALATYA) �lksel
2024.11.22,22:12:45,35.8218,24.9618,29.9,2.6,GIRIT ADASI (AKDENIZ) �lksel
2024.11.22,22:01:20,40.6983,27.3573,9.5,1.3,HOSKOY-SARKOY (TEKIRDAG) �lksel
2024.11.22,21:52:42,38.3623,38.8348,9.5,1.3,AKUSAGI-KALE (MALATYA) �lksel
2024.11.22,21:39:00,37.5948,37.2995,14.6,1.7,BUYUKNACAR-PAZARCIK (KAHRAMANMARAS) �lksel
2024.11.22,21:30:34,37.502,37.1358,4.9,1.2,KARTAL-(KAHRAMANMARAS) �lksel
2024.11.22,21:19:15,38.635,37.4707,4.8,1.5,CUKURKAYA-DARENDE (MALATYA) �lksel
2024.11.22,20:33:41,36.5008,29.5875,24.0,1.3,CEMRE-KAS (ANTALYA) �lksel
2024.11.22,19:54:04,37.814,36.1317,27.1,1.5,AYVACIK-SAIMBEYLI (ADANA) �lksel
2024.11.22,19:07:36,38.0025,37.5652,6.9,1.9,TATLAR-NURHAK (KAHRAMANMARAS) �lksel
2024.11.22,16:47:11,38.1797,38.002,17.7,1.2,SUCATI-DOGANSEHIR (MALATYA) �lksel
2024.11.22,16:36:48,35.9288,26.9673,12.2,2.3,AKDENIZ �lksel
2024.11.22,15:47:00,38.1938,37.429,23.7,2.0,KOSEYAHYA-ELBISTAN (KAHRAMANMARAS) �lksel
2024.11.22,15:03:49,38.1748,37.5468,29.3,1.8,KANTARMA-ELBISTAN (KAHRAMANMARAS) �lksel
2024.11.22,14:51:08,40.4053,28.8483,9.9,2.0,KUMYAKA-MUDANYA (BURSA) �lksel
2024.11.22,14:48:54,36.0702,33.5008,5.2,1.4,AYDINCIK ACIKLARI-MERSIN (AKDENIZ) �lksel
2024.11.22,14:46:47,40.4092,28.8562,7.9,1.6,GEMLIK KORFEZI (MARMARA DENIZI) �lksel
2024.11.22,14:18:35,38.7642,37.4142,3.8,1.3,YUVA-GURUN (SIVAS) �lksel
2024.11.22,13:50:02,38.4087,37.5047,1.8,2.0,SUGUL-DARENDE (MALATYA) �lksel
2024.11.22,13:40:14,38.6193,37.3258,5.4,1.7,YELKEN-GURUN (SIVAS) �lksel
2024.11.22,13:25:24,40.1507,29.3117,0.0,1.6,LUTFIYE-KESTEL (BURSA) �lksel
2024.11.22,13:10:55,39.418,28.1355,6.9,2.0,ISIKLAR-BIGADIC (BALIKESIR) �lksel
2024.11.22,12:29:50,36.5115,26.7612,108.4,4.2,AKDENIZ �lksel
2024.11.22,11:13:58,38.1227,37.7648,8.6,1.5,FINDIKKOY-DOGANSEHIR (MALATYA) �lksel
2024.11.22,10:39:55,37.909,35.5255,2.8,1.2,YESILKOY-YAHYALI (KAYSERI) �lksel
2024.11.22,10:18:27,37.545,37.0893,5.8,1.9,ELMALAR-(KAHRAMANMARAS) �lksel
2024.11.22,09:57:33,37.572,37.4312,21.4,2.0,HAYDARLI-GOLBASI (ADIYAMAN) �lksel
2024.11.22,09:53:46,37.3478,29.5105,12.1,1.2,KUMAFSARI-ACIPAYAM (DENIZLI) �lksel
2024.11.22,08:36:20,39.4337,31.563,0.0,1.9,SIVRIHISAR (ESKISEHIR) �lksel
2024.11.22,08:09:32,40.331,35.8043,7.1,2.2,KEPEZ-ZILE (TOKAT) �lksel
2024.11.22,07:32:05,38.1943,38.1083,5.0,2.4,OLUKLU-YESILYURT (MALATYA) �lksel
2024.11.22,05:28:35,39.2677,28.1837,4.7,1.6,CAYGOREN-SINDIRGI (BALIKESIR) �lksel
2024.11.22,04:24:21,38.0668,37.0833,5.0,2.6,KANDILKOY-EKINOZU (KAHRAMANMARAS) �lksel
2024.11.22,03:55:50,40.7215,31.373,9.9,2.0,DIPSIZGOL-KAYNASLI (DUZCE) �lksel
2024.11.22,03:54:30,40.7387,31.3698,4.4,3.1,YESILTEPE-KAYNASLI (DUZCE) �lksel
2024.11.22,03:44:49,37.9583,36.105,5.0,1.5,SAIMBEYLI (ADANA) �lksel
2024.11.22,02:59:37,39.8302,34.8485,6.5,1.9,KOCEKKOMU-(YOZGAT) �lksel
2024.11.22,02:43:18,40.7177,42.8028,21.3,1.9,CULLU-GOLE (ARDAHAN) �lksel
2024.11.22,02:41:56,39.4683,33.9728,12.7,1.5,ELDELEKLIDEMIREL-AKPINAR (KIRSEHIR) �lksel
2024.11.22,02:41:10,36.3,25.2988,5.0,1.9,AKDENIZ �lksel
2024.11.22,02:40:12,40.9308,42.8342,21.4,1.8,COBANLI-(ARDAHAN) �lksel
2024.11.22,02:40:00,38.3423,38.8143,5.0,2.2,AKUSAGI-KALE (MALATYA) �lksel
2024.11.22,02:17:27,37.812,36.2457,12.0,0.9,KAPAKLIKUYU-SAIMBEYLI (ADANA) �lksel
2024.11.22,02:13:11,38.5297,27.4785,8.6,1.5,BESPINAR-KEMALPASA (IZMIR) �lksel
2024.11.22,01:48:00,39.8497,34.8633,5.0,1.8,KOCEKKOMU-(YOZGAT) �lksel
2024.11.22,01:45:52,39.0405,27.9618,18.3,1.5,MUSTULLAR-AKHISAR (MANISA) �lksel
2024.11.22,01:10:33,40.3277,24.1518,4.4,2.6,YUNANISTAN �lksel
2024.11.22,01:07:39,36.2118,36.0183,2.2,2.2,CUBUKCU-SAMANDAG (HATAY) �lksel
2024.11.22,01:01:21,38.003,38.9055,5.5,1.0,KOSARLAR-GERGER (ADIYAMAN) �lksel
2024.11.22,00:57:22,38.039,37.6555,17.7,1.3,BEGRE-DOGANSEHIR (MALATYA) �lksel
2024.11.22,00:49:19,37.7663,36.2497,5.4,1.6,CIGSAR-ANDIRIN (KAHRAMANMARAS) �lksel
2024.11.22,00:38:51,38.9887,26.0205,13.8,2.0,MIDILLI ADASI GUNEYI (EGE DENIZI) �lksel
2024.11.22,00:34:23,40.887,33.6298,9.5,2.2,INKOYU-ILGAZ (CANKIRI) �lksel
2024.11.22,00:20:37,38.2937,38.8537,6.5,1.7,GUNDEGER-PUTURGE (MALATYA) �lksel
2024.11.21,23:54:39,38.441,37.5303,5.0,1.5,SUGUL-DARENDE (MALATYA) �lksel
2024.11.21,23:26:31,37.7987,26.8453,14.5,2.0,SISAM ADASI (EGE DENIZI) �lksel
2024.11.21,23:19:08,36.6085,33.6707,24.9,1.2,KAYABASI-MUT (MERSIN) �lksel
2024.11.21,23:02:54,38.0962,37.7575,14.9,1.2,SOGUT-DOGANSEHIR (MALATYA) �lksel
2024.11.21,23:01:34,38.5318,27.4658,17.3,1.8,BESPINAR-KEMALPASA (IZMIR) �lksel
2024.11.21,22:51:47,38.4148,37.5057,5.4,1.5,SUGUL-DARENDE (MALATYA) �lksel
2024.11.21,22:42:15,38.346,38.805,5.0,3.6,AKUSAGI-KALE (MALATYA) �lksel
2024.11.21,22:41:59,35.8615,29.0952,10.3,2.8,AKDENIZ �lksel
2024.11.21,22:07:49,40.1785,31.8008,10.6,1.8,KUYUCAK-BEYPAZARI (ANKARA) �lksel
2024.11.21,21:50:03,38.0447,37.2577,7.5,1.8,GOZPINAR-EKINOZU (KAHRAMANMARAS) �lksel
2024.11.21,21:42:48,37.9072,27.6518,1.4,1.5,KIZILCAGEDIK-GERMENCIK (AYDIN) �lksel
2024.11.21,20:46:15,38.5108,37.9925,26.4,1.4,KADIIBRAHIM-AKCADAG (MALATYA) �lksel
2024.11.21,19:52:16,40.1112,35.9662,2.6,1.7,GOLCUK-ZILE (TOKAT) �lksel
2024.11.21,19:06:12,40.4112,37.054,23.2,1.8,MEZREA-NIKSAR (TOKAT) �lksel
2024.11.21,19:00:50,38.2475,38.6567,16.6,1.6,KAVAKLIDERE-PUTURGE (MALATYA) �lksel
2024.11.21,18:57:37,37.5745,36.547,5.5,1.7,YAYLAUSTU-(KAHRAMANMARAS) �lksel
2024.11.21,18:54:36,38.6843,38.7288,26.7,1.1,ORENYAKA-KEBAN (ELAZIG) �lksel
2024.11.21,18:45:13,40.0728,42.9938,23.9,2.1,ALTINGEDIK-KAGIZMAN (KARS) �lksel
2024.11.21,18:21:53,36.2055,35.8653,8.8,1.7,CAMLIYAYLA-SAMANDAG (HATAY) �lksel
2024.11.21,17:59:03,37.8205,26.8807,8.2,1.7,SISAM ADASI (EGE DENIZI) �lksel
2024.11.21,17:41:04,37.5215,27.1778,8.7,2.5,BATIKOY-DIDIM (AYDIN) �lksel
2024.11.21,17:01:04,39.5012,32.9623,6.6,1.9,KOCYAYLA-BALA (ANKARA) �lksel
2024.11.21,16:36:51,37.68,36.0945,4.0,1.9,ESENLI-SUMBAS (OSMANIYE) �lksel
2024.11.21,16:26:04,39.3403,25.7367,13.6,2.0,EGE DENIZI �lksel
2024.11.21,16:06:16,39.4243,27.8033,21.7,1.1,KARABEYLER-(BALIKESIR) �lksel
2024.11.21,16:00:13,39.4882,32.9175,0.0,2.0,KOCYAYLA-BALA (ANKARA) �lksel
2024.11.21,15:52:25,37.84,26.8438,15.6,1.7,SISAM ADASI (EGE DENIZI) �lksel
2024.11.21,15:48:24,39.4847,32.9082,6.6,2.8,CIMSIT-GOLBASI (ANKARA) �lksel
2024.11.21,13:51:00,39.4738,41.1918,8.5,2.1,YUVAKLI-TEKMAN (ERZURUM) �lksel
2024.11.21,12:45:57,39.8555,41.851,17.4,2.0,KAYABASI-KOPRUKOY (ERZURUM) �lksel
2024.11.21,12:26:02,38.0252,37.741,5.3,1.9,KADILI-DOGANSEHIR (MALATYA) �lksel
2024.11.21,12:16:40,39.674,30.33,5.1,2.0,MUSAOZU-TEPEBASI (ESKISEHIR) �lksel
2024.11.21,12:13:28,38.2607,38.4758,8.5,2.1,BEYDAGI-(MALATYA) �lksel
2024.11.21,12:10:38,38.3887,38.8535,7.0,2.0,YENIDAMLAR-KALE (MALATYA) �lksel
2024.11.21,11:59:35,39.7178,31.1487,4.6,2.0,PARSIBEY-BEYLIKOVA (ESKISEHIR) �lksel
2024.11.21,11:56:09,40.174,31.7433,2.0,2.4,HIRKATEPE-BEYPAZARI (ANKARA) �lksel
2024.11.21,11:55:22,38.9208,37.8007,10.9,1.4,BAHCEDAMI-HEKIMHAN (MALATYA) REVIZE01 (2024.11.21 11:55:22)
2024.11.21,11:54:29,37.838,29.0857,0.0,1.5,CELTIKCI-(DENIZLI) �lksel
2024.11.21,11:40:15,39.6467,37.3423,7.3,1.8,HACIALI-(SIVAS) �lksel
2024.11.21,10:47:47,37.763,36.2473,4.3,1.7,CIGSAR-ANDIRIN (KAHRAMANMARAS) �lksel
2024.11.21,10:46:20,38.8328,43.1547,6.2,2.7,YARIMADAKOYU-ADILCEVAZ (BITLIS) �lksel
2024.11.21,10:37:54,39.5927,27.1123,14.8,1.2,TEPEOBA-HAVRAN (BALIKESIR) �lksel
2024.11.21,09:39:44,37.9597,29.2148,9.9,2.1,GUZELPINAR-(DENIZLI) �lksel
2024.11.21,09:29:04,39.4763,33.5498,21.1,1.8,KARAHACILI-CELEBI (KIRIKKALE) �lksel
2024.11.21,07:34:08,37.0428,27.6083,5.2,1.6,PINARLIBELEN-BODRUM (MUGLA) �lksel
2024.11.21,07:20:23,37.9703,29.2088,8.3,1.9,GUZELPINAR-(DENIZLI) �lksel
2024.11.21,07:18:33,38.2965,38.7842,29.0,1.1,KARSIYAKA-PUTURGE (MALATYA) �lksel
2024.11.21,06:33:04,40.0997,42.4273,5.0,1.3,PIRALI-HORASAN (ERZURUM) �lksel
2024.11.21,05:37:33,39.051,38.8255,24.8,1.3,CEBE-CEMISGEZEK (TUNCELI) �lksel
2024.11.21,05:30:18,40.1957,23.2798,5.3,2.9,YUNANISTAN �lksel
2024.11.21,05:20:19,40.3245,43.0415,10.1,1.1,KOMURLU-KAGIZMAN (KARS) �lksel
2024.11.21,05:01:51,41.1115,34.46,7.3,1.7,AVSAR-KARGI (CORUM) �lksel
2024.11.21,04:17:04,38.3483,37.2518,20.2,1.4,BUYUKYAPALAK-ELBISTAN (KAHRAMANMARAS) �lksel
2024.11.21,03:53:09,40.673,29.2328,1.8,1.3,YALOVA �lksel
2024.11.21,03:46:22,38.7028,36.9713,7.8,1.6,YOLGECEN-GURUN (SIVAS) �lksel
2024.11.21,03:41:29,38.3157,38.858,7.4,1.2,CIGIRLI-PUTURGE (MALATYA) �lksel
2024.11.21,03:15:14,38.044,37.5945,7.0,1.3,GOVDELI-DOGANSEHIR (MALATYA) �lksel
2024.11.21,02:58:30,40.0765,42.9247,23.3,1.4,DENIZGOLU-KAGIZMAN (KARS) �lksel
2024.11.21,01:58:38,39.9508,37.5333,5.3,1.5,KARACAHISAR-ZARA (SIVAS) �lksel
2024.11.21,01:41:26,41.1325,34.4472,5.8,2.5,AKKESE-KARGI (CORUM) �lksel
2024.11.21,01:40:07,41.1412,34.4493,5.4,3.1,AKKESE-KARGI (CORUM) �lksel
2024.11.21,01:36:55,41.1422,34.4885,6.1,1.9,KARGI (CORUM) �lksel
2024.11.21,01:31:36,38.8048,42.9207,22.5,1.2,KARSIYAKA-ADILCEVAZ (BITLIS) �lksel
2024.11.20,23:56:31,38.3917,38.9023,6.9,2.6,YAYLANLI-BASKIL (ELAZIG) �lksel
2024.11.20,23:48:47,40.1272,24.8357,8.9,2.9,EGE DENIZI �lksel
2024.11.20,23:35:21,38.4357,38.9533,11.7,2.2,SARITAS-BASKIL (ELAZIG) �lksel
2024.11.20,23:06:54,37.8108,29.0672,2.4,1.5,DENIZLI (DENIZLI) �lksel
2024.11.20,21:05:14,40.513,42.3457,5.5,2.2,TUTENOCAK-SENKAYA (ERZURUM) �lksel
2024.11.20,20:54:54,39.3403,26.2288,27.6,1.6,MIDILLI ADASI (EGE DENIZI) �lksel
2024.11.20,19:16:13,37.9387,27.1028,15.9,1.6,KUSADASI KORFEZI (EGE DENIZI) �lksel
2024.11.20,18:31:07,36.3192,28.9408,25.4,1.5,OLUDENIZ ACIKLARI-MUGLA (AKDENIZ) �lksel
2024.11.20,17:26:35,38.077,37.4193,26.2,1.7,AGCASAR-NURHAK (KAHRAMANMARAS) �lksel
2024.11.20,17:07:42,37.9208,36.6798,6.6,2.2,TEKIR-(KAHRAMANMARAS) REVIZE02 (2024.11.20 17:07:42)
2024.11.20,15:18:04,37.9952,31.0608,5.1,1.8,YESILKOY-GELENDOST (ISPARTA) �lksel
2024.11.20,14:48:39,38.8312,27.7118,8.9,2.3,KAYISLAR-SARUHANLI (MANISA) REVIZE01 (2024.11.20 14:48:38)
2024.11.20,14:25:36,38.5227,39.1412,5.0,2.0,BADEMPINARI-(ELAZIG) �lksel
2024.11.20,13:53:47,37.1998,26.7557,5.0,2.3,ONIKI ADALAR (AKDENIZ) �lksel
2024.11.20,13:41:33,38.199,38.8308,5.0,1.5,TASMIS-PUTURGE (MALATYA) �lksel
2024.11.20,12:58:04,38.1615,37.9713,0.0,1.1,YUVALI-DOGANSEHIR (MALATYA) �lksel
2024.11.20,12:57:57,38.003,37.4103,12.7,1.6,NURHAK (KAHRAMANMARAS) �lksel
2024.11.20,12:55:55,39.1995,40.9332,10.1,1.7,YENIKOY-KARLIOVA (BINGOL) �lksel
2024.11.20,12:47:45,35.943,35.8903,2.1,2.1,DENIZGOREN-YAYLADAGI (HATAY) REVIZE01 (2024.11.20 12:47:47)
2024.11.20,12:35:57,38.1082,36.9975,6.7,1.6,KARADUT-GOKSUN (KAHRAMANMARAS) �lksel
2024.11.20,12:21:33,36.5035,35.896,11.8,2.0,ISKENDERUN KORFEZI (AKDENIZ) �lksel
2024.11.20,12:16:23,37.1257,27.8212,0.0,1.8,PINARARASI-MILAS (MUGLA) �lksel
2024.11.20,12:15:08,39.2218,27.6725,0.0,1.3,EVCILER-SOMA (MANISA) �lksel
2024.11.20,12:13:58,37.258,28.3382,5.0,1.8,IKIZCE-(MUGLA) �lksel
2024.11.20,12:13:05,40.4037,28.8593,9.7,2.0,GEMLIK KORFEZI (MARMARA DENIZI) �lksel
2024.11.20,12:08:46,36.4088,38.562,5.0,2.0,SURIYE �lksel
2024.11.20,12:06:46,38.2982,38.7622,5.0,2.1,KARSIYAKA-PUTURGE (MALATYA) �lksel
2024.11.20,12:01:14,39.6072,29.6127,0.0,1.6,DEVEKAYASI-TAVSANLI (KUTAHYA) �lksel
2024.11.20,11:50:21,40.1063,32.9055,21.3,1.7,PURSAKLAR (ANKARA) �lksel
2024.11.20,11:31:43,40.6487,32.7667,2.4,2.1,YAGCIHUSEYIN-KIZILCAHAMAM (ANKARA) �lksel
2024.11.20,11:13:03,36.5305,28.7935,15.2,2.7,AKDENIZ �lksel
2024.11.20,10:11:01,38.509,38.8487,2.1,1.7,TATLIPAYAM-BASKIL (ELAZIG) �lksel
2024.11.20,08:06:34,40.1838,31.7337,6.0,2.4,SEKLI-BEYPAZARI (ANKARA) �lksel
2024.11.20,07:51:51,37.8132,27.5812,10.1,1.7,KARAAGACLI-GERMENCIK (AYDIN) �lksel
2024.11.20,07:46:30,37.0085,29.3223,9.5,1.8,SOFULAR-CAMELI (DENIZLI) �lksel
2024.11.20,07:12:55,38.3638,38.8592,16.8,1.5,AKUSAGI-KALE (MALATYA) �lksel
2024.11.20,06:27:37,38.1395,38.2822,6.8,1.1,KALECIK-CELIKHAN (ADIYAMAN) �lksel
2024.11.20,06:18:54,38.3805,37.4592,5.0,1.2,YALINTAS-ELBISTAN (KAHRAMANMARAS) �lksel
2024.11.20,06:17:44,40.7782,28.9435,10.1,1.6,MARMARA DENIZI �lksel
2024.11.20,06:13:39,38.2077,38.0417,23.5,1.0,GOZENE-YESILYURT (MALATYA) �lksel
2024.11.20,05:14:05,38.034,37.3858,5.0,1.8,BARIS-NURHAK (KAHRAMANMARAS) �lksel
2024.11.20,05:08:51,38.3358,42.8473,5.2,2.2,DEGIRMITAS-GEVAS (VAN) �lksel
2024.11.20,05:04:33,40.7777,28.9627,9.9,2.0,MARMARA DENIZI �lksel
2024.11.20,04:59:46,39.7393,28.3128,5.4,2.2,KAYAELI-KEPSUT (BALIKESIR) �lksel
2024.11.20,04:58:41,38.375,38.7418,5.9,1.8,KALEKOY-KALE (MALATYA) �lksel
2024.11.20,04:24:54,36.8902,29.964,5.0,1.5,GUMUSYAKA-ELMALI (ANTALYA) �lksel
2024.11.20,03:54:10,37.4573,36.9972,2.9,2.8,TEVEKKELLI-(KAHRAMANMARAS) �lksel
2024.11.20,03:36:55,40.3667,28.6947,7.9,1.8,YALICIFTLIK-MUDANYA (BURSA) �lksel
2024.11.20,03:20:36,39.9205,27.2418,5.2,1.4,YENICE (CANAKKALE) �lksel
2024.11.20,03:05:15,38.905,26.5782,11.9,1.5,MIDILLI ADASI GUNEYI (EGE DENIZI) �lksel
2024.11.20,03:01:13,37.7723,27.0977,5.0,1.3,KUSADASI KORFEZI (EGE DENIZI) �lksel
2024.11.20,02:49:42,41.0347,33.2552,7.3,1.4,FERIZ-BAYRAMOREN (CANKIRI) �lksel
2024.11.20,02:41:34,37.8508,36.133,13.9,1.5,DEGIRMENCIUSAGI-SAIMBEYLI (ADANA) �lksel
2024.11.20,02:24:10,40.7672,30.8467,12.2,1.2,YESILVADI-HENDEK (SAKARYA) �lksel
2024.11.20,02:23:38,37.7587,37.6053,5.4,1.5,KARABURUN-GOLBASI (ADIYAMAN) �lksel
2024.11.20,01:41:09,40.21,25.1222,7.9,1.9,EGE DENIZI �lksel
2024.11.20,01:14:48,37.1738,27.9635,5.2,1.2,KARACAAGAC-MILAS (MUGLA) �lksel
2024.11.20,00:53:38,38.5338,37.9807,8.6,1.1,SADIKLI-YAZIHAN (MALATYA) �lksel
2024.11.20,00:44:39,36.5267,28.825,11.0,1.8,AKDENIZ �lksel
2024.11.20,00:36:26,40.8218,34.8083,10.4,1.6,BERKKOY-DODURGA (CORUM) �lksel
2024.11.20,00:12:16,40.8262,34.8132,6.8,2.8,BERKKOY-DODURGA (CORUM) �lksel
2024.11.19,23:59:15,38.263,38.5757,15.8,1.6,TANISIK-(MALATYA) �lksel
2024.11.19,22:42:18,37.852,36.1477,8.1,2.0,DEGIRMENCIUSAGI-SAIMBEYLI (ADANA) �lksel
2024.11.19,22:27:29,39.8343,28.6555,3.9,1.3,ALACAAT-MUSTAFAKEMALPASA (BURSA) �lksel
2024.11.19,21:47:21,37.7573,37.4592,19.1,1.7,DUZBAG-CAGLAYANCERIT (KAHRAMANMARAS) �lksel
2024.11.19,21:19:10,36.5387,28.8143,8.7,3.8,AKDENIZ �lksel
2024.11.19,21:00:14,38.1047,36.5935,19.1,1.6,KANLIKAVAK-GOKSUN (KAHRAMANMARAS) �lksel
2024.11.19,20:53:45,36.4887,28.83,5.8,1.6,AKDENIZ �lksel
2024.11.19,20:36:51,40.6723,28.9817,7.3,1.3,SENKOY-CINARCIK (YALOVA) �lksel
2024.11.19,20:12:47,39.7242,33.3115,15.8,1.4,KUREBOGAZI-BAHSILI (KIRIKKALE) �lksel
2024.11.19,20:06:18,38.7753,25.8637,13.1,2.2,EGE DENIZI �lksel
2024.11.19,20:03:27,38.0165,37.5875,5.4,3.3,GOVDELI-DOGANSEHIR (MALATYA) �lksel
2024.11.19,19:39:15,40.7817,28.9615,9.9,1.4,MARMARA DENIZI �lksel
2024.11.19,18:47:30,40.3885,26.9905,11.7,1.1,GURECI-LAPSEKI (CANAKKALE) �lksel
2024.11.19,18:22:33,39.8833,41.9502,7.2,2.1,SOGUKSU-KOPRUKOY (ERZURUM) �lksel
2024.11.19,18:20:43,36.7692,36.0702,5.0,1.5,PAYAS-DORTYOL (HATAY) �lksel
2024.11.19,18:17:32,38.4102,39.0135,18.1,1.4,TARLATEPE-SIVRICE (ELAZIG) �lksel
2024.11.19,18:08:23,38.2477,38.4637,5.0,2.4,BEYDAGI-(MALATYA) �lksel
2024.11.19,17:50:37,40.6502,29.013,13.0,1.6,KOCADERE-CINARCIK (YALOVA) �lksel
2024.11.19,17:25:52,40.764,29.001,10.1,1.4,CINARCIK ACIKLARI-YALOVA (MARMARA DENIZI) �lksel
2024.11.19,17:05:47,38.146,37.8157,11.5,2.1,FINDIKKOY-DOGANSEHIR (MALATYA) �lksel
2024.11.19,17:04:08,39.4375,28.3692,11.0,2.0,TOZAGAN-BIGADIC (BALIKESIR) �lksel
2024.11.19,16:57:09,37.6655,35.902,5.3,1.6,MAHYALAR-KOZAN (ADANA) �lksel
2024.11.19,16:53:23,37.3677,36.9377,7.7,1.6,COBANTEPE-TURKOGLU (KAHRAMANMARAS) �lksel
2024.11.19,16:38:33,40.7728,28.9708,10.5,1.8,CINARCIK ACIKLARI-YALOVA (MARMARA DENIZI) �lksel
2024.11.19,15:47:08,38.0877,36.5632,5.4,1.5,YAGMURLU-GOKSUN (KAHRAMANMARAS) �lksel
2024.11.19,15:11:36,40.4332,26.1688,11.4,1.6,SAROS KORFEZI (EGE DENIZI) �lksel
2024.11.19,14:44:08,40.2065,31.8117,2.0,2.1,SARIAGIL-BEYPAZARI (ANKARA) �lksel
2024.11.19,14:19:15,36.9202,29.332,4.7,2.0,GURSU-CAMELI (DENIZLI) �lksel
2024.11.19,14:08:39,40.389,27.4477,16.4,2.2,BOZLAR-BIGA (CANAKKALE) �lksel
2024.11.19,13:34:37,37.8227,36.2303,5.0,2.9,KAPAKLIKUYU-SAIMBEYLI (ADANA) �lksel
2024.11.19,13:11:38,37.308,31.912,0.0,1.8,SUSUZ-SEYDISEHIR (KONYA) �lksel
2024.11.19,13:03:46,39.729,33.014,5.9,2.3,BEYNAM-BALA (ANKARA) �lksel
2024.11.19,12:45:21,36.5708,38.5495,2.3,2.0,SURIYE �lksel
2024.11.19,12:39:12,37.4458,31.2527,6.3,2.1,KESME-SUTCULER (ISPARTA) �lksel
2024.11.19,12:15:49,37.4537,40.3877,14.4,1.7,SANLI-MAZIDAGI (MARDIN) �lksel
2024.11.19,12:05:31,36.8815,27.567,14.6,1.7,GOKOVA KORFEZI (AKDENIZ) �lksel
2024.11.19,12:01:01,39.342,33.4153,0.0,1.4,KUCUKCAMILI-BALA (ANKARA) �lksel
2024.11.19,11:27:12,37.1725,28.1103,0.0,1.5,CIRPI-(MUGLA) �lksel
2024.11.19,11:25:21,36.1192,29.1105,18.9,1.5,AKDENIZ �lksel
2024.11.19,10:58:15,37.6473,35.9203,5.4,1.9,MAHYALAR-KOZAN (ADANA) �lksel
2024.11.19,10:46:15,40.29,27.0048,11.2,3.9,GURGENDERE-BIGA (CANAKKALE) �lksel
2024.11.19,10:17:44,39.1073,27.5502,0.0,1.9,DEREKOY-SOMA (MANISA) �lksel
2024.11.19,09:59:22,38.0645,37.1025,5.0,1.2,KANDILKOY-EKINOZU (KAHRAMANMARAS) �lksel
2024.11.19,09:34:35,38.0917,37.1907,5.4,1.6,AKPINAR-EKINOZU (KAHRAMANMARAS) �lksel
2024.11.19,09:16:41,40.291,26.9997,12.1,1.4,GURGENDERE-BIGA (CANAKKALE) �lksel
2024.11.19,09:05:43,37.6252,35.8982,3.7,1.4,KARABUCAK-KOZAN (ADANA) �lksel
2024.11.19,08:45:01,35.8485,31.327,11.1,2.3,AKDENIZ �lksel
2024.11.19,08:10:41,39.5627,26.1193,4.9,1.7,GULPINAR-AYVACIK (CANAKKALE) �lksel
2024.11.19,08:00:22,37.9682,37.5478,13.5,1.3,KULLAR-NURHAK (KAHRAMANMARAS) �lksel
2024.11.19,07:57:16,38.9047,30.0625,6.8,2.5,KUCUKASLIHANLAR-DUMLUPINAR (KUTAHYA) �lksel
2024.11.19,07:31:14,37.7447,27.1192,5.0,2.0,KUSADASI KORFEZI (EGE DENIZI) �lksel
2024.11.19,06:41:58,38.1762,37.7745,25.7,1.1,CAVUSLU-DOGANSEHIR (MALATYA) �lksel
2024.11.19,06:36:01,38.3735,38.8518,10.8,1.2,YENIDAMLAR-KALE (MALATYA) �lksel
2024.11.19,06:17:08,34.8518,24.8175,15.2,2.5,GIRIT ADASI ACIKLARI (AKDENIZ) �lksel
2024.11.19,04:35:58,38.9435,28.7665,4.4,2.0,IKLIKCI-DEMIRCI (MANISA) �lksel
2024.11.19,04:34:17,36.2308,36.0513,5.0,1.2,YAYLACIK-(HATAY) �lksel
2024.11.19,04:06:47,37.794,36.2162,7.5,1.5,HALILBEYLI-SAIMBEYLI (ADANA) �lksel
2024.11.19,03:59:43,37.0235,28.7158,9.0,1.7,YESILKOY-KOYCEGIZ (MUGLA) �lksel
2024.11.19,03:58:08,38.0018,27.1628,4.7,1.7,KUSADASI KORFEZI (EGE DENIZI) �lksel
2024.11.19,03:42:25,38.7513,25.7998,15.3,3.5,EGE DENIZI �lksel
2024.11.19,03:19:14,38.3188,38.8837,5.0,1.7,CIGIRLI-PUTURGE (MALATYA) �lksel
2024.11.19,03:08:51,38.3877,38.8053,6.2,1.5,KOZLUK-KALE (MALATYA) �lksel
2024.11.19,02:54:55,38.2918,38.7187,5.0,2.2,KAMISTAS-(MALATYA) �lksel
2024.11.19,02:51:02,38.1195,38.4395,5.0,2.2,KARAGOL-CELIKHAN (ADIYAMAN) �lksel
2024.11.19,02:46:16,37.958,36.4928,10.9,0.9,GOLPINAR-GOKSUN (KAHRAMANMARAS) �lksel
2024.11.19,02:38:28,37.9065,36.263,10.7,1.4,TOPALLAR-SAIMBEYLI (ADANA) �lksel
2024.11.19,02:34:54,37.9167,36.463,9.8,1.0,DEGIRMENDERE-GOKSUN (KAHRAMANMARAS) �lksel
2024.11.19,02:29:20,38.2707,38.201,8.8,1.4,SEYITUSAGI-YESILYURT (MALATYA) �lksel
2024.11.19,02:21:09,40.4752,29.1837,11.9,2.0,SAHINYURDU-GEMLIK (BURSA) �lksel
2024.11.19,02:13:29,37.807,26.9845,16.6,1.7,KUSADASI KORFEZI (EGE DENIZI) �lksel
2024.11.19,01:54:56,40.1905,31.7443,4.6,2.3,HIRKATEPE-BEYPAZARI (ANKARA) �lksel
2024.11.19,00:53:31,38.3823,38.755,5.0,2.3,TEPEKOY-KALE (MALATYA) �lksel
2024.11.19,00:52:40,37.6258,35.9243,11.7,1.1,MINNETLI-KOZAN (ADANA) �lksel
2024.11.19,00:14:13,36.571,36.4558,9.1,1.3,CAMSARI-KIRIKHAN (HATAY) �lksel
2024.11.18,23:38:52,40.0253,29.3042,9.5,1.8,FEVZIYE-INEGOL (BURSA) �lksel
2024.11.18,23:36:24,37.8687,26.9203,6.4,2.0,KUSADASI KORFEZI (EGE DENIZI) �lksel
2024.11.18,23:20:32,38.3388,30.8867,2.7,1.1,YUKARIKASIKARA-YALVAC (ISPARTA) �lksel
2024.11.18,23:19:44,39.487,38.3358,5.0,2.3,ALTINTAS-ILIC (ERZINCAN) �lksel
2024.11.18,23:06:08,40.8947,40.6037,5.0,2.3,KUCUKCAYIR-(RIZE) �lksel
2024.11.18,22:50:44,38.0027,27.1635,5.4,1.8,KUSADASI KORFEZI (EGE DENIZI) �lksel
2024.11.18,22:48:38,38.389,27.602,4.6,1.7,YIGITLER-KEMALPASA (IZMIR) �lksel
2024.11.18,22:22:28,38.8185,23.3953,17.0,2.4,YUNANISTAN �lksel
2024.11.18,22:02:23,39.2215,41.6883,11.1,2.4,TORAMAN-HINIS (ERZURUM) �lksel
2024.11.18,21:09:36,37.8027,36.3427,19.6,1.0,CIGSAR-ANDIRIN (KAHRAMANMARAS) �lksel
2024.11.18,20:50:52,37.1307,28.3138,28.5,0.7,YENICE-(MUGLA) �lksel
2024.11.18,20:44:01,37.7612,35.343,8.2,1.7,KAPUZBASI-YAHYALI (KAYSERI) �lksel
2024.11.18,20:19:18,37.1618,28.6737,11.2,1.3,TURGUT-ULA (MUGLA) �lksel
2024.11.18,20:08:18,38.3792,38.9813,16.7,1.2,TASLIYAYLA-SIVRICE (ELAZIG) �lksel
2024.11.18,19:52:45,38.4422,38.0572,9.4,1.4,ASAGIORUKCU-AKCADAG (MALATYA) �lksel
2024.11.18,19:47:44,37.8138,36.2568,5.8,2.8,CIGSAR-ANDIRIN (KAHRAMANMARAS) �lksel
2024.11.18,19:33:23,37.8178,36.2755,20.0,1.5,CIGSAR-ANDIRIN (KAHRAMANMARAS) �lksel
2024.11.18,19:28:53,37.8413,36.2492,5.7,2.7,KARAKUYU-SAIMBEYLI (ADANA) �lksel
2024.11.18,19:25:10,37.8898,32.2752,3.4,1.1,ULUMUHSINE-SELCUKLU (KONYA) �lksel
2024.11.18,19:23:35,38.0073,36.4103,11.6,1.3,ACIELMA-GOKSUN (KAHRAMANMARAS) �lksel
2024.11.18,19:21:46,37.6747,35.8308,5.0,1.2,CAMDERE-KOZAN (ADANA) �lksel
2024.11.18,19:19:53,38.0152,37.5637,13.2,1.3,TATLAR-NURHAK (KAHRAMANMARAS) �lksel
2024.11.18,19:15:45,38.1317,36.7668,14.4,1.4,DEVEBOYNU-AFSIN (KAHRAMANMARAS) �lksel
2024.11.18,18:00:01,36.4437,38.7848,4.2,2.0,SURIYE �lksel
2024.11.18,17:50:03,36.2573,35.9948,5.8,2.1,CEYLANDERE-SAMANDAG (HATAY) �lksel
2024.11.18,17:06:28,37.2938,37.0307,5.4,1.5,AKDEMIR-PAZARCIK (KAHRAMANMARAS) �lksel
2024.11.18,16:59:28,40.5485,29.2855,0.0,1.0,GUNEYKOY-(YALOVA) �lksel
2024.11.18,16:34:01,38.1982,38.1688,3.8,2.5,ATALAR-YESILYURT (MALATYA) �lksel
2024.11.18,16:29:54,40.3872,28.8293,11.0,1.8,KUMYAKA-MUDANYA (BURSA) �lksel
2024.11.18,15:48:35,38.3882,38.7622,6.9,2.2,TEPEKOY-KALE (MALATYA) �lksel
2024.11.18,15:21:36,38.4365,38.9178,5.3,1.5,ESKIKOY-BASKIL (ELAZIG) �lksel
2024.11.18,15:20:06,41.0748,28.9495,0.0,1.0,KAGITHANE (ISTANBUL) �lksel
2024.11.18,14:35:36,35.9618,27.2438,1.2,1.9,AKDENIZ �lksel
2024.11.18,14:31:49,36.1892,33.5562,0.0,1.3,BUYUKECELI-GULNAR (MERSIN) �lksel
2024.11.18,13:37:05,38.752,31.0407,6.4,1.5,BOLVADIN (AFYONKARAHISAR) �lksel
2024.11.18,13:21:53,38.499,39.1255,8.6,1.9,MOLLAALI-SIVRICE (ELAZIG) �lksel
2024.11.18,13:11:39,37.2988,28.459,1.6,1.6,SENYAYLA-(MUGLA) �lksel
2024.11.18,12:47:22,38.3737,38.8013,8.0,1.9,KOZLUK-KALE (MALATYA) �lksel
2024.11.18,12:20:58,36.9648,35.5465,5.2,0.9,HASANBEYLI-SARICAM (ADANA) �lksel
2024.11.18,12:11:10,37.9005,37.8452,5.4,2.6,KARANLIKDERE-DOGANSEHIR (MALATYA) REVIZE01 (2024.11.18 12:11:09)
2024.11.18,11:49:37,38.9362,27.9657,8.6,1.3,DURASIL-AKHISAR (MANISA) �lksel
2024.11.18,11:39:50,39.4032,26.2472,5.2,2.4,MIDILLI ADASI (EGE DENIZI) �lksel
2024.11.18,10:23:13,37.5892,38.0628,8.1,1.5,DORTYOL-BESNI (ADIYAMAN) �lksel
2024.11.18,10:00:04,38.4053,27.5863,27.5,1.4,YIGITLER-KEMALPASA (IZMIR) �lksel
2024.11.18,09:49:13,37.9678,37.7238,7.9,2.1,ORENCIK-DOGANSEHIR (MALATYA) �lksel
2024.11.18,09:42:50,37.1058,29.4302,1.4,1.3,IMAMLAR-CAMELI (DENIZLI) REVIZE01 (2024.11.18 09:42:50)
2024.11.18,09:12:58,41.0178,34.341,5.6,1.8,ABDULLAH-KARGI (CORUM) �lksel
2024.11.18,09:04:28,37.733,35.3628,5.0,2.7,KAPUZBASI-YAHYALI (KAYSERI) �lksel
2024.11.18,08:47:52,36.9485,29.4938,15.8,1.8,ASMABAG-ALTINYAYLA (BURDUR) �lksel
2024.11.18,08:02:05,36.9787,29.2245,3.8,2.0,KIRAZLIYAYLA-CAMELI (DENIZLI) �lksel
2024.11.18,07:41:34,38.2427,37.708,4.6,2.6,HARUNUSAGI-AKCADAG (MALATYA) �lksel
2024.11.18,07:23:16,40.7107,31.5742,16.3,1.1,CAYIRKOY-(BOLU) �lksel
2024.11.18,06:52:06,37.6295,35.9083,5.0,1.9,KARABUCAK-KOZAN (ADANA) �lksel
2024.11.18,06:34:14,38.1482,36.5805,6.7,1.7,KOMURKOY-GOKSUN (KAHRAMANMARAS) �lksel
2024.11.18,06:24:34,39.3362,40.755,2.7,2.7,KAYNARPINAR-KARLIOVA (BINGOL) �lksel
2024.11.18,04:59:19,40.1942,31.7188,9.5,1.9,SEKLI-BEYPAZARI (ANKARA) �lksel
2024.11.18,03:07:24,36.3972,35.7465,7.2,1.4,ISKENDERUN KORFEZI (AKDENIZ) �lksel
2024.11.18,02:49:33,37.985,36.6047,8.3,1.4,KURUCAOVA-(KAHRAMANMARAS) �lksel
2024.11.18,02:37:26,38.0882,36.5305,4.1,2.6,ALICLIBUCAK-GOKSUN (KAHRAMANMARAS) �lksel
2024.11.18,02:30:02,38.1097,38.4953,13.0,1.5,GECITLI-SINCIK (ADIYAMAN) �lksel
2024.11.18,02:25:18,38.9212,43.5798,22.4,1.5,CAKIRBEY-(VAN) �lksel
2024.11.18,02:17:24,38.125,38.5178,17.1,1.6,GECITLI-SINCIK (ADIYAMAN) �lksel
2024.11.18,02:07:23,37.9043,27.564,18.3,1.3,ABDURRAHMANLAR-GERMENCIK (AYDIN) �lksel
2024.11.18,02:04:15,36.6665,36.519,4.8,1.6,MAZMANLI-HASSA (HATAY) �lksel
2024.11.18,01:33:39,40.0928,23.2937,11.9,3.1,YUNANISTAN �lksel
2024.11.18,01:06:03,35.9027,29.3863,14.9,1.3,AKDENIZ �lksel
2024.11.18,01:04:16,37.8328,26.9368,8.6,1.5,KUSADASI KORFEZI (EGE DENIZI) �lksel
2024.11.18,00:30:57,36.6265,28.8687,16.0,2.0,FETHIYE KORFEZI (AKDENIZ) �lksel
2024.11.18,00:28:57,37.1815,36.9492,5.5,1.3,SAKCAGOZE-NURDAGI (GAZIANTEP) �lksel
2024.11.18,00:26:39,38.3068,38.8637,19.8,1.0,CIGIRLI-PUTURGE (MALATYA) �lksel
2024.11.18,00:23:29,37.8412,26.8482,3.9,1.8,SISAM ADASI (EGE DENIZI) �lksel
2024.11.18,00:08:26,37.8062,26.8573,18.3,1.5,SISAM ADASI (EGE DENIZI) �lksel
2024.11.17,23:53:36,38.0352,36.696,3.9,1.1,KIZILOZ-GOKSUN (KAHRAMANMARAS) �lksel
2024.11.17,23:51:53,37.832,26.8408,13.4,1.0,SISAM ADASI (EGE DENIZI) �lksel
2024.11.17,23:48:37,37.8553,26.8768,5.0,1.4,KUSADASI KORFEZI (EGE DENIZI) �lksel
2024.11.17,23:38:31,37.857,26.8097,13.5,1.5,EGE DENIZI �lksel
2024.11.17,23:35:14,37.819,26.8528,13.4,1.2,SISAM ADASI (EGE DENIZI) �lksel
2024.11.17,23:31:10,37.8413,26.8558,14.2,2.8,SISAM ADASI (EGE DENIZI) �lksel
2024.11.17,23:26:08,38.6707,30.6327,5.0,1.5,NURIBEY-(AFYONKARAHISAR) �lksel
2024.11.17,23:00:23,36.5698,26.775,14.3,3.2,AKDENIZ �lksel
2024.11.17,22:47:35,37.9697,28.813,15.2,1.2,KIZILDERE-BUHARKENT (AYDIN) �lksel
2024.11.17,22:41:14,38.2392,39.0673,19.0,1.3,GEVHERUSAGI-DOGANYOL (MALATYA) �lksel
2024.11.17,22:16:03,38.472,39.2348,5.4,1.3,ALINCIK-SIVRICE (ELAZIG) �lksel
2024.11.17,21:08:06,36.6705,36.37,5.3,1.2,BEKTASLI-KIRIKHAN (HATAY) �lksel
2024.11.17,21:04:27,39.7718,30.246,21.9,1.4,YUKARIKARTAL-TEPEBASI (ESKISEHIR) �lksel
2024.11.17,20:32:58,40.2018,31.7325,7.4,2.2,SEKLI-BEYPAZARI (ANKARA) �lksel
2024.11.17,20:19:38,37.4925,37.001,5.0,1.5,GUZELYURT-(KAHRAMANMARAS) �lksel
2024.11.17,19:49:14,40.869,28.7092,21.1,1.5,AVCILAR ACIKLARI-ISTANBUL (MARMARA DENIZI) �lksel
2024.11.17,19:08:31,40.1067,40.9015,18.3,2.1,ESKIPOLAT-AZIZIYE (ERZURUM) �lksel
2024.11.17,18:33:50,38.0655,37.5025,7.7,2.2,TATLAR-NURHAK (KAHRAMANMARAS) �lksel
2024.11.17,18:31:00,38.627,39.6935,5.0,2.5,YOLUSTU-(ELAZIG) �lksel
2024.11.17,17:22:09,37.2983,28.1,0.0,1.2,KAPUBAG-YATAGAN (MUGLA) �lksel
2024.11.17,17:08:54,39.9273,27.8257,4.8,1.3,YENIKAVAK-BALYA (BALIKESIR) �lksel
2024.11.17,16:51:12,38.0665,38.3048,6.3,1.9,KOSEUSAGI-CELIKHAN (ADIYAMAN) �lksel
2024.11.17,16:09:31,36.9372,29.7363,22.7,1.3,BEKCILER-FETHIYE (MUGLA) �lksel
2024.11.17,16:08:48,37.0327,29.7452,21.7,1.6,YAZIR-CAVDIR (BURDUR) �lksel
2024.11.17,15:55:50,38.609,39.3868,9.5,2.2,YENIKAPI-(ELAZIG) �lksel
2024.11.17,15:06:19,36.6718,29.306,3.3,1.8,YAKACIK-FETHIYE (MUGLA) �lksel
2024.11.17,14:31:16,36.109,35.9985,7.0,3.3,KUSALANI-SAMANDAG (HATAY) �lksel
2024.11.17,14:29:32,37.2492,36.9882,4.9,1.2,INCIRLI-NURDAGI (GAZIANTEP) �lksel
2024.11.17,14:23:39,36.3278,31.4715,20.6,2.4,ANTALYA KORFEZI (AKDENIZ) �lksel
2024.11.17,12:58:33,39.4563,28.1165,7.2,1.9,KADIKOY-BIGADIC (BALIKESIR) �lksel
2024.11.17,12:47:42,39.5253,28.1422,2.1,1.1,YENIKOY-BIGADIC (BALIKESIR) �lksel
2024.11.17,12:14:36,38.1415,36.6233,2.0,2.4,YENIYAPAN-GOKSUN (KAHRAMANMARAS) �lksel
2024.11.17,12:05:57,39.3452,33.4123,0.0,1.6,KUCUKCAMILI-BALA (ANKARA) �lksel
2024.11.17,11:13:15,38.1205,36.359,12.6,2.5,KIRAZLIYURT-TUFANBEYLI (ADANA) �lksel
2024.11.17,11:12:27,38.1295,36.387,5.4,3.0,MURSEL-GOKSUN (KAHRAMANMARAS) �lksel
2024.11.17,10:55:26,34.7847,32.7275,10.7,3.9,KIBRIS RUM KESIMI �lksel
2024.11.17,09:54:17,37.0778,30.5942,20.9,1.4,KOMURCULER-DOSEMEALTI (ANTALYA) �lksel
2024.11.17,09:38:09,37.9452,36.2593,14.4,1.8,KALEBOYNU-GOKSUN (KAHRAMANMARAS) �lksel
2024.11.17,09:15:18,40.265,24.1658,10.5,2.5,YUNANISTAN �lksel
2024.11.17,08:53:41,38.3388,38.812,10.9,2.3,AKUSAGI-KALE (MALATYA) �lksel
2024.11.17,07:42:29,35.959,29.348,20.0,1.6,AKDENIZ �lksel
2024.11.17,07:32:38,38.5933,37.445,12.0,1.4,GUNPINAR-DARENDE (MALATYA) �lksel
2024.11.17,07:25:00,36.0165,27.2798,8.6,1.9,AKDENIZ �lksel
2024.11.17,07:14:49,38.0487,38.1112,5.1,1.7,PINARBASI-CELIKHAN (ADIYAMAN) �lksel
2024.11.17,06:54:46,38.0975,37.1822,5.3,1.8,AKPINAR-EKINOZU (KAHRAMANMARAS) �lksel
2024.11.17,06:47:40,38.3157,26.0805,6.7,1.8,SAKIZ ADASI (EGE DENIZI) �lksel
2024.11.17,06:44:09,38.8877,37.4877,6.7,1.4,ESKIHAMAL-GURUN (SIVAS) �lksel
2024.11.17,06:19:24,38.8458,37.5037,5.0,2.5,ESKIHAMAL-GURUN (SIVAS) �lksel
2024.11.17,05:55:23,40.6207,34.5888,8.7,1.5,YALAKCAY-ISKILIP (CORUM) �lksel
2024.11.17,05:50:40,38.3742,38.8163,17.7,1.2,KOZLUK-KALE (MALATYA) �lksel
2024.11.17,05:37:39,38.8392,43.9112,13.2,2.1,CIRAKKOY-OZALP (VAN) �lksel
2024.11.17,05:21:49,35.9205,35.451,5.0,2.0,AKDENIZ �lksel
2024.11.17,05:15:43,38.3782,38.8842,9.6,1.4,KAYABAGLARI-SIVRICE (ELAZIG) �lksel
2024.11.17,05:06:25,38.1092,27.0208,2.4,1.2,KELER-MENDERES (IZMIR) �lksel
2024.11.17,04:59:13,40.1198,35.6787,8.6,1.4,TURGUTALP-ZILE (TOKAT) �lksel
2024.11.17,04:47:11,37.7448,29.1882,2.0,1.9,OVACIK-HONAZ (DENIZLI) �lksel
2024.11.17,04:45:48,39.5417,41.1318,7.1,1.2,AKDAMAR-TEKMAN (ERZURUM) �lksel
2024.11.17,04:44:28,39.4493,41.1147,8.3,1.8,CIMENOZU-CAT (ERZURUM) �lksel
2024.11.17,04:35:59,39.4988,41.1588,5.4,2.2,YIGITLER-TEKMAN (ERZURUM) �lksel
2024.11.17,04:24:40,41.707,32.5948,9.2,1.7,COPBEY-(BARTIN) �lksel
2023.05.03,15:16:07,37.9265,36.236,4.2,1.3,AKSAAGAC-SAIMBEYLI (ADANA) �lksel
2023.05.03,15:10:52,38.0612,37.5518,7.0,1.9,TATLAR-NURHAK (KAHRAMANMARAS) �lksel
2023.05.03,15:02:00,37.9542,36.3723,19.6,1.7,SIRMALI-GOKSUN (KAHRAMANMARAS) �lksel
2023.05.03,14:55:47,38.4907,36.612,5.0,2.2,KUCUKSOBECIMEN-SARIZ (KAYSERI) �lksel
2023.05.03,14:49:55,38.2242,38.4243,7.0,2.0,UCGOZE-YESILYURT (MALATYA) �lksel
2023.05.03,14:47:34,38.531,37.4257,7.7,1.8,BASDIREK-DARENDE (MALATYA) �lksel
2023.05.03,14:42:34,38.134,37.7033,5.0,2.0,ARMUTALAN-ELBISTAN (KAHRAMANMARAS) �lksel
2023.05.03,14:39:19,37.4008,37.082,3.2,2.4,MAKSUTUSAGI-PAZARCIK (KAHRAMANMARAS) �lksel
2023.05.03,14:31:02,36.486,28.9385,8.8,1.8,OLUDENIZ ACIKLARI-MUGLA (AKDENIZ) �lksel
2023.05.03,13:46:49,36.1998,33.7057,0.0,1.3,YESILOVACIK-SILIFKE (MERSIN) �lksel
2023.05.03,13:27:53,36.142,33.5225,0.0,1.6,YANISLI-GULNAR (MERSIN) �lksel
2023.05.03,13:25:43,37.852,37.6412,8.7,2.2,MEYDANKOY-GOLBASI (ADIYAMAN) �lksel
2023.05.03,13:04:57,37.6038,35.548,5.5,2.2,KISLAK-ALADAG (ADANA) �lksel
2023.05.03,12:53:35,37.874,36.2907,11.0,1.7,PAYAMBURNU-GOKSUN (KAHRAMANMARAS) �lksel
2023.05.03,12:52:52,37.9405,36.2745,4.7,1.9,KAZANDERE-GOKSUN (KAHRAMANMARAS) �lksel
2023.05.03,12:42:47,37.5838,37.2147,5.0,2.0,KUZUCAK-(KAHRAMANMARAS) �lksel
2023.05.03,12:20:48,38.0585,41.9048,5.9,2.6,IKIZLER-SIRVAN (SIIRT) �lksel
2023.05.03,12:17:32,38.8297,25.632,5.0,2.6,EGE DENIZI �lksel
2023.05.03,12:12:25,40.959,30.3522,0.0,2.0,TASOLUK-KAYNARCA (SAKARYA) �lksel
2023.05.03,12:04:53,35.348,31.4415,5.0,3.2,AKDENIZ �lksel
2023.05.03,12:01:33,35.4117,31.412,5.0,2.6,AKDENIZ �lksel
2023.05.03,11:58:44,35.3853,31.5272,5.0,2.6,AKDENIZ �lksel
2023.05.03,11:57:16,38.1022,32.532,0.0,1.0,CALTI-SELCUKLU (KONYA) �lksel
2023.05.03,11:33:17,37.9753,36.2808,28.4,1.8,KAZANDERE-GOKSUN (KAHRAMANMARAS) �lksel
2023.05.03,10:50:45,37.65,35.5557,5.0,3.1,KOPRUCUK-ALADAG (ADANA) �lksel
2023.05.03,10:47:41,37.8968,36.4898,1.4,2.2,DEGIRMENDERE-GOKSUN (KAHRAMANMARAS) �lksel
2023.05.03,10:39:31,38.0103,36.6778,23.9,1.8,KIZILOZ-GOKSUN (KAHRAMANMARAS) �lksel
2023.05.03,10:32:51,37.7138,36.1313,5.0,2.2,ESENLI-SUMBAS (OSMANIYE) �lksel
2023.05.03,10:19:54,38.122,37.3755,1.9,2.0,BAKIS-ELBISTAN (KAHRAMANMARAS) �lksel
2023.05.03,10:17:29,36.1978,35.8845,6.9,1.6,CAMLIYAYLA-SAMANDAG (HATAY) �lksel
2023.05.03,09:39:37,37.6253,35.4957,9.3,2.0,KARAHAN-ALADAG (ADANA) �lksel
2023.05.03,09:37:04,37.4413,36.984,5.2,2.6,KOCALAR-(KAHRAMANMARAS) �lksel
2023.05.03,09:33:07,38.8138,25.6635,6.8,2.3,EGE DENIZI �lksel
2023.05.03,09:20:52,37.6303,35.5755,5.0,4.3,ERGENUSAGI-KOZAN (ADANA) �lksel
2023.05.03,08:44:15,36.737,36.0897,4.6,1.8,PAYAS-DORTYOL (HATAY) �lksel
2023.05.03,08:28:57,36.0495,36.1117,14.6,1.7,DAGDUZU-(HATAY) �lksel
2023.05.03,08:26:36,35.9833,36.2387,4.2,1.8,ERBASI-ALTINOZU (HATAY) �lksel
2023.05.03,08:17:00,37.3968,37.3312,4.4,2.2,UFACIKLI-PAZARCIK (KAHRAMANMARAS) �lksel
2023.05.03,07:15:47,38.1352,36.8562,5.0,2.6,ESENCE-AFSIN (KAHRAMANMARAS) �lksel
2023.05.03,07:13:08,37.9683,36.1667,1.5,2.0,EYUPLU-SAIMBEYLI (ADANA) �lksel
2023.05.03,06:47:44,40.0733,41.3817,24.6,1.6,GOKCEYAMAC-YAKUTIYE (ERZURUM) �lksel
2023.05.03,06:44:53,37.9457,36.373,5.2,1.2,YOGUNOLUK-GOKSUN (KAHRAMANMARAS) �lksel
2023.05.03,06:39:55,37.8732,36.3052,5.0,1.8,PAYAMBURNU-GOKSUN (KAHRAMANMARAS) �lksel
2023.05.03,06:32:14,37.8883,36.3117,17.1,1.2,PAYAMBURNU-GOKSUN (KAHRAMANMARAS) �lksel
2023.05.03,06:27:13,38.2253,37.1905,8.2,2.3,ELBISTAN (KAHRAMANMARAS) �lksel
2023.05.03,06:08:23,38.2662,38.2338,5.0,1.9,GUNDUZBEY-YESILYURT (MALATYA) �lksel
2023.05.03,06:01:45,40.162,31.6415,1.7,2.3,ULUKOY-NALLIHAN (ANKARA) �lksel
2023.05.03,05:56:10,38.1663,37.9053,5.3,1.6,POLATDERESI-DOGANSEHIR (MALATYA) �lksel
2023.05.03,05:48:32,38.0683,36.5688,8.4,1.0,YAGMURLU-GOKSUN (KAHRAMANMARAS) �lksel
2023.05.03,05:38:05,38.3887,37.2523,5.0,1.7,GOKCEK-ELBISTAN (KAHRAMANMARAS) �lksel
2023.05.03,05:27:53,38.3317,37.2077,6.7,1.6,EVCIHUYUK-ELBISTAN (KAHRAMANMARAS) �lksel
2023.05.03,05:26:41,36.8608,36.447,5.0,1.8,GAZELUSAGI-HASSA (HATAY) �lksel
2023.05.03,05:21:35,36.1888,35.9747,15.9,2.2,BATIAYAZ-SAMANDAG (HATAY) �lksel
2023.05.03,05:18:27,37.993,37.9063,5.0,2.4,HUDUTKOY-DOGANSEHIR (MALATYA) �lksel
2023.05.03,05:07:34,37.8747,36.2507,11.5,1.4,TOPALLAR-SAIMBEYLI (ADANA) �lksel
2023.05.03,05:00:35,37.9613,36.3767,13.0,1.4,SIRMALI-GOKSUN (KAHRAMANMARAS) �lksel
2023.05.03,04:59:08,38.1398,27.2145,7.4,2.9,KARAKUYU-MENDERES (IZMIR) �lksel
2023.05.03,04:51:31,37.0568,28.3702,13.7,0.9,GOKOVA-ULA (MUGLA) �lksel
2023.05.03,04:47:46,38.0388,36.772,5.0,2.2,KINIKKOZ-GOKSUN (KAHRAMANMARAS) �lksel
2023.05.03,04:37:59,37.9477,27.17,3.9,2.1,KUSADASI KORFEZI (EGE DENIZI) �lksel
2023.05.03,04:29:33,37.9025,36.257,6.3,2.0,TOPALLAR-SAIMBEYLI (ADANA) �lksel
2023.05.03,04:25:58,37.3842,36.7958,5.0,1.3,KIZILENIS-TURKOGLU (KAHRAMANMARAS) �lksel
2023.05.03,04:21:24,37.6415,35.3737,8.6,1.6,YETIMLI-ALADAG (ADANA) �lksel
2023.05.03,04:18:22,38.2127,37.3605,8.6,1.3,DEMIRCILIK-ELBISTAN (KAHRAMANMARAS) �lksel
2023.05.03,04:13:30,38.8723,37.3125,5.0,2.8,GOKCEYAZI-GURUN (SIVAS) �lksel
2023.05.03,04:01:58,37.9288,36.584,7.8,1.3,KURUCAOVA-(KAHRAMANMARAS) �lksel
2023.05.03,03:46:13,35.3987,29.8503,17.5,2.8,AKDENIZ �lksel
2023.05.03,03:27:33,38.153,38.328,8.4,2.5,ASAGIKOY-YESILYURT (MALATYA) �lksel
2023.05.03,03:21:16,38.5763,41.572,13.4,1.4,OZENLI-MUTKI (BITLIS) �lksel
2023.05.03,03:11:55,37.118,28.4993,1.1,1.6,ARMUTCUK-ULA (MUGLA) �lksel
2023.05.03,03:07:38,38.1028,37.779,15.2,1.8,FINDIKKOY-DOGANSEHIR (MALATYA) �lksel
2023.05.03,02:52:16,38.066,36.7317,5.3,1.2,FINDIK-GOKSUN (KAHRAMANMARAS) �lksel
2023.05.03,02:46:31,37.8683,36.2485,10.1,1.2,TOPALLAR-SAIMBEYLI (ADANA) �lksel
2023.05.03,02:42:46,38.3518,37.3912,5.0,1.6,YALINTAS-ELBISTAN (KAHRAMANMARAS) �lksel
2023.05.03,02:37:49,37.3332,37.0462,6.2,1.6,EMIROGLU-PAZARCIK (KAHRAMANMARAS) �lksel
2023.05.03,02:27:33,38.0767,36.5787,6.7,1.1,YAGMURLU-GOKSUN (KAHRAMANMARAS) �lksel
2023.05.03,02:23:33,38.0202,36.4748,5.0,1.4,GOKSUN (KAHRAMANMARAS) �lksel
2023.05.03,02:13:16,40.0227,25.415,5.0,2.2,EGE DENIZI �lksel
2023.05.03,02:11:02,40.6337,27.7135,10.6,1.8,ASMALI-MARMARA (BALIKESIR) �lksel
2023.05.03,01:55:10,37.1257,28.4803,7.9,2.3,ARMUTCUK-ULA (MUGLA) �lksel
2023.05.03,01:52:37,38.2935,37.6778,5.0,2.4,HARUNUSAGI-AKCADAG (MALATYA) �lksel
2023.05.03,01:37:39,37.8155,36.4515,10.6,2.0,GEBEN-ANDIRIN (KAHRAMANMARAS) �lksel
2023.05.03,01:27:23,37.8707,36.243,7.6,1.4,TOPALLAR-SAIMBEYLI (ADANA) �lksel
2023.05.03,01:24:48,37.9747,36.2768,7.8,1.7,KAZANDERE-GOKSUN (KAHRAMANMARAS) �lksel
2023.05.03,01:22:41,37.1288,28.4723,3.7,1.7,ARMUTCUK-ULA (MUGLA) �lksel
2023.05.03,01:13:12,38.3745,37.0815,8.9,1.3,KISLAKOY-ELBISTAN (KAHRAMANMARAS) �lksel
2023.05.03,01:04:36,37.9157,37.8052,7.6,1.8,KARANLIKDERE-DOGANSEHIR (MALATYA) �lksel
2023.05.03,00:59:18,36.1103,35.889,8.6,1.6,MAGARACIK-SAMANDAG (HATAY) �lksel
2023.05.03,00:31:00,38.3625,37.7922,5.0,2.1,DURULOVA-AKCADAG (MALATYA) �lksel
2023.05.03,00:27:14,37.9912,36.4142,14.1,1.4,ACIELMA-GOKSUN (KAHRAMANMARAS) �lksel
2023.05.03,00:20:48,38.2083,38.5557,10.9,2.1,GULUMUSAGI-(MALATYA) �lksel
2023.05.02,23:58:49,38.0835,38.1345,10.2,1.7,YALINKAYA-YESILYURT (MALATYA) �lksel
2023.05.02,23:56:32,37.8577,36.3178,11.5,2.1,PAYAMBURNU-GOKSUN (KAHRAMANMARAS) �lksel
2023.05.02,23:47:38,38.2798,37.7017,10.2,1.5,HARUNUSAGI-AKCADAG (MALATYA) �lksel
2023.05.02,23:43:41,37.9183,36.348,17.0,1.8,YOGUNOLUK-GOKSUN (KAHRAMANMARAS) �lksel
2023.05.02,23:40:53,38.3188,38.1675,10.3,1.5,DURULDU-(MALATYA) �lksel
2023.05.02,23:30:14,37.9108,36.3353,13.1,1.3,HACIKODAL-GOKSUN (KAHRAMANMARAS) �lksel
2023.05.02,23:28:38,38.0717,37.7792,5.0,3.0,SOGUT-DOGANSEHIR (MALATYA) �lksel
2023.05.02,23:24:59,38.102,38.0505,9.8,1.4,ESKIKOY-DOGANSEHIR (MALATYA) �lksel
2023.05.02,23:22:48,38.1108,37.0525,16.0,1.5,CALIS-ELBISTAN (KAHRAMANMARAS) �lksel
2023.05.02,23:16:10,37.9103,36.532,3.9,2.5,DEGIRMENDERE-GOKSUN (KAHRAMANMARAS) �lksel
2023.05.02,23:12:07,37.3833,37.0695,5.9,1.9,HALKACAYIRI-(KAHRAMANMARAS) �lksel
2023.05.02,23:03:23,38.1203,37.7772,9.9,1.7,FINDIKKOY-DOGANSEHIR (MALATYA) �lksel
2023.05.02,23:00:18,37.9107,36.2973,13.2,1.2,HACIKODAL-GOKSUN (KAHRAMANMARAS) �lksel
2023.05.02,22:49:28,37.9373,36.2173,11.1,1.2,KALEBOYNU-GOKSUN (KAHRAMANMARAS) �lksel
2023.05.02,22:41:57,38.3082,37.307,5.0,1.7,BUYUKYAPALAK-ELBISTAN (KAHRAMANMARAS) �lksel
2023.05.02,22:38:35,38.1192,37.6873,6.1,1.4,ARMUTALAN-ELBISTAN (KAHRAMANMARAS) �lksel
2023.05.02,22:21:41,37.1188,28.453,11.0,1.3,ULA (MUGLA) �lksel
2023.05.02,22:17:31,38.397,37.4783,7.1,1.5,YALINTAS-ELBISTAN (KAHRAMANMARAS) �lksel
2023.05.02,21:58:48,38.0273,36.6548,14.6,1.5,AHMETCIK-GOKSUN (KAHRAMANMARAS) �lksel
2023.05.02,21:54:51,37.9608,36.4258,11.7,1.2,FINDIKLIKOYAK-GOKSUN (KAHRAMANMARAS) �lksel
2023.05.02,21:39:33,38.2767,38.0882,8.9,2.0,GORGU-YESILYURT (MALATYA) REVIZE01 (2023.05.02 21:39:33)
2023.05.02,21:24:42,38.7052,37.2195,5.0,1.8,KIZILBURUN-GURUN (SIVAS) �lksel
2023.05.02,21:23:20,40.7267,30.72,4.7,1.7,SARIYER-HENDEK (SAKARYA) �lksel
2023.05.02,21:20:31,36.6082,36.5102,10.3,2.8,DEMIRKONAK-KIRIKHAN (HATAY) �lksel
2023.05.02,21:17:58,37.7905,36.2963,13.9,1.3,CIGSAR-ANDIRIN (KAHRAMANMARAS) �lksel
2023.05.02,21:15:40,37.9033,42.1348,5.0,3.2,AKYAYLA-AYDINLAR (SIIRT) �lksel
2023.05.02,21:11:36,38.0677,36.625,5.1,3.0,GUCUKSU-GOKSUN (KAHRAMANMARAS) �lksel
2023.05.02,20:55:59,38.1982,37.9585,8.8,1.6,YUVALI-DOGANSEHIR (MALATYA) �lksel
2023.05.02,20:51:14,39.0147,40.3433,5.0,1.6,UZUNSAVAT-(BINGOL) �lksel
2023.05.02,20:49:30,39.1637,40.2083,22.3,1.4,CAN-KARAKOCAN (ELAZIG) �lksel
2023.05.02,20:39:59,37.3822,36.892,8.0,1.3,GOLLUHUYUK-TURKOGLU (KAHRAMANMARAS) �lksel
2023.05.02,20:36:41,37.9243,36.2722,12.0,1.5,HACIKODAL-GOKSUN (KAHRAMANMARAS) �lksel
2023.05.02,20:36:26,37.9362,36.2902,5.3,1.3,HACIKODAL-GOKSUN (KAHRAMANMARAS) �lksel
2023.05.02,20:17:14,38.2847,37.348,11.6,1.7,GUNDERE-ELBISTAN (KAHRAMANMARAS) �lksel
2023.05.02,20:00:11,36.7672,36.1408,13.8,1.5,ISKENDERUN KORFEZI �lksel
2023.05.02,19:47:47,37.857,36.6083,5.0,2.7,CEVREPINAR-(KAHRAMANMARAS) �lksel
2023.05.02,19:45:55,38.249,37.7377,10.8,1.3,CEVIRME-AKCADAG (MALATYA) �lksel
2023.05.02,19:36:58,38.3348,38.1398,0.0,1.8,FATIH-(MALATYA) �lksel
2023.05.02,19:35:37,37.9722,36.6078,15.4,1.4,KURUCAOVA-(KAHRAMANMARAS) �lksel
2023.05.02,19:29:55,38.1987,38.387,8.9,2.1,UCGOZE-YESILYURT (MALATYA) �lksel
2023.05.02,19:27:00,36.2358,36.1978,5.3,1.7,MASUKLU-(HATAY) �lksel
2023.05.02,19:20:54,38.2017,38.6172,8.5,2.5,SOGUTLU-PUTURGE (MALATYA) �lksel
2023.05.02,19:19:57,39.1582,40.2338,24.6,2.0,KUSBAYIRI-KARAKOCAN (ELAZIG) �lksel
2023.05.02,19:17:44,38.1778,38.3907,5.0,2.0,ONCU-YESILYURT (MALATYA) �lksel
2023.05.02,19:15:24,37.372,36.9032,3.1,2.1,GOLLUHUYUK-TURKOGLU (KAHRAMANMARAS) �lksel
2023.05.02,19:10:31,37.9165,36.2275,5.0,2.6,AKSAAGAC-SAIMBEYLI (ADANA) �lksel
2023.05.02,18:53:10,38.1052,38.1373,5.0,2.7,YALINKAYA-YESILYURT (MALATYA) �lksel
2023.05.02,18:52:45,38.0135,36.2673,4.7,2.1,KAZANDERE-GOKSUN (KAHRAMANMARAS) �lksel
2023.05.02,18:51:08,37.9992,36.4537,9.6,1.7,YIRICEK-GOKSUN (KAHRAMANMARAS) �lksel
2023.05.02,18:42:34,40.1427,31.6875,0.0,2.2,ULUKOY-NALLIHAN (ANKARA) �lksel
2023.05.02,18:20:52,37.8697,36.293,5.3,1.6,PAYAMBURNU-GOKSUN (KAHRAMANMARAS) �lksel
2023.05.02,18:17:10,37.8438,36.3995,3.1,2.7,KUCUKCAMURLU-GOKSUN (KAHRAMANMARAS) �lksel
2023.05.02,18:15:32,37.4795,36.6302,5.5,2.0,BUYUKSIR-(KAHRAMANMARAS) �lksel
2023.05.02,18:01:49,37.146,36.6968,12.7,1.8,KARABURCLU-NURDAGI (GAZIANTEP) �lksel
2023.05.02,17:59:59,37.8712,36.2963,5.0,1.8,PAYAMBURNU-GOKSUN (KAHRAMANMARAS) �lksel
2023.05.02,17:35:57,38.0257,36.5192,7.9,1.8,HACIMIRZA-GOKSUN (KAHRAMANMARAS) �lksel
2023.05.02,17:26:46,37.8843,36.2403,2.8,1.9,TOPALLAR-SAIMBEYLI (ADANA) �lksel
2023.05.02,17:15:03,36.4653,36.2162,11.6,1.7,BELEN (HATAY) �lksel
2023.05.02,17:00:45,37.824,36.2992,5.2,1.5,CIGSAR-ANDIRIN (KAHRAMANMARAS) �lksel
2023.05.02,16:45:35,37.1322,28.473,7.4,2.0,ARMUTCUK-ULA (MUGLA) �lksel
2023.05.02,16:29:36,37.8913,36.3955,7.4,2.0,BUYUKCAMURLU-GOKSUN (KAHRAMANMARAS) �lksel
2023.05.02,16:27:21,37.9862,37.8128,5.0,2.1,HUDUTKOY-DOGANSEHIR (MALATYA) �lksel
2023.05.02,16:16:07,38.262,37.77,7.7,1.7,CEVIRME-AKCADAG (MALATYA) �lksel
2023.05.02,16:13:30,38.6787,37.3887,14.7,2.0,TEPECIK-GURUN (SIVAS) �lksel
2023.05.02,16:03:26,37.9958,36.3295,5.3,2.0,HUGTAS-GOKSUN (KAHRAMANMARAS) �lksel
2023.05.02,16:01:09,38.402,37.5465,2.8,1.7,YUKARIULUPINAR-DARENDE (MALATYA) �lksel
2023.05.02,15:47:20,37.5805,29.5602,7.9,2.3,DUDEN-YESILOVA (BURDUR) �lksel
2023.05.02,15:43:15,38.1648,37.7002,12.3,1.7,ATMALIKASANLI-ELBISTAN (KAHRAMANMARAS) �lksel
2023.05.02,15:40:41,37.86,36.5467,12.3,2.0,KUMARLI-(KAHRAMANMARAS) �lksel
2023.05.02,15:34:59,38.3805,37.4437,1.6,2.6,YALINTAS-ELBISTAN (KAHRAMANMARAS) �lksel
2023.05.02,15:33:32,38.3288,37.4367,2.3,2.1,BESTEPE-ELBISTAN (KAHRAMANMARAS) �lksel
2023.05.02,15:28:07,37.9482,36.3545,5.0,3.4,YOGUNOLUK-GOKSUN (KAHRAMANMARAS) �lksel
2023.05.02,15:16:21,36.1138,36.2827,1.3,2.6,CETENLI-ALTINOZU (HATAY) �lksel
2023.05.02,14:54:22,37.6622,37.2245,8.0,2.6,BESENLI-(KAHRAMANMARAS) �lksel
2023.05.02,14:36:46,36.141,35.7372,4.0,1.4,AKDENIZ �lksel
2023.05.02,14:31:12,37.877,36.3728,5.4,1.7,KUCUKCAMURLU-GOKSUN (KAHRAMANMARAS) �lksel
2023.05.02,14:30:34,38.328,37.2643,5.0,1.4,BUYUKYAPALAK-ELBISTAN (KAHRAMANMARAS) �lksel
2023.05.02,14:17:34,37.1175,28.4815,8.3,2.1,ARMUTCUK-ULA (MUGLA) �lksel
2023.05.02,13:50:47,38.0327,36.9435,5.0,3.2,KABAKTEPE-EKINOZU (KAHRAMANMARAS) �lksel
2023.05.02,13:38:54,38.3285,36.0848,20.9,1.4,TOZLU-TUFANBEYLI (ADANA) �lksel
2023.05.02,13:35:19,38.5833,36.7533,15.9,1.9,BOZHOYUK-GURUN (SIVAS) �lksel
2023.05.02,13:14:54,38.0027,37.8748,13.6,1.7,HUDUTKOY-DOGANSEHIR (MALATYA) �lksel
2023.05.02,13:10:45,38.428,37.7793,7.2,2.3,TASEVLER-AKCADAG (MALATYA) �lksel
2023.05.02,13:09:50,38.2922,37.4753,8.6,1.8,YALAKKOY-ELBISTAN (KAHRAMANMARAS) �lksel
2023.05.02,13:08:04,37.9747,36.3885,14.3,1.9,HUGTAS-GOKSUN (KAHRAMANMARAS) �lksel
2023.05.02,13:07:23,36.5128,33.9677,17.5,1.8,KESLITURKMENLI-SILIFKE (MERSIN) �lksel
2023.05.02,13:02:37,39.0843,37.3303,0.0,1.6,KIRKPINAR-KANGAL (SIVAS) �lksel
2023.05.02,13:00:52,38.1883,28.1498,2.7,1.3,KOFUNDERE-ODEMIS (IZMIR) �lksel
2023.05.02,12:50:16,37.994,36.4737,9.4,1.7,YIRICEK-GOKSUN (KAHRAMANMARAS) �lksel
2023.05.02,12:43:50,38.1637,36.3068,11.7,1.5,KAYIRCIK-TUFANBEYLI (ADANA) �lksel
2023.05.02,12:32:56,37.8575,36.3328,14.7,1.4,KUCUKCAMURLU-GOKSUN (KAHRAMANMARAS) �lksel
2023.05.02,12:31:07,38.0335,36.519,4.6,1.3,HACIMIRZA-GOKSUN (KAHRAMANMARAS) �lksel
2023.05.02,12:29:12,38.046,36.5823,2.7,1.5,TEMURAGA-GOKSUN (KAHRAMANMARAS) �lksel
2023.05.02,12:21:16,38.2233,38.3998,13.7,2.3,UCGOZE-YESILYURT (MALATYA) �lksel
2023.05.02,12:19:45,38.2143,37.1778,7.4,2.0,ELBISTAN (KAHRAMANMARAS) �lksel
2023.05.02,12:02:44,36.5605,29.1838,10.9,2.3,OLUDENIZ-FETHIYE (MUGLA) �lksel
2023.05.02,11:40:02,37.8843,36.1657,10.7,2.1,DEGIRMENCIUSAGI-SAIMBEYLI (ADANA) �lksel
2023.05.02,11:21:38,37.8878,36.3208,4.9,2.0,PAYAMBURNU-GOKSUN (KAHRAMANMARAS) �lksel
2023.05.02,11:08:19,38.2557,38.5477,16.3,2.1,GULUMUSAGI-(MALATYA) �lksel
2023.05.02,11:05:36,37.2938,36.8487,14.2,2.3,MINEHUYUK-TURKOGLU (KAHRAMANMARAS) �lksel
2023.05.02,11:03:41,37.902,37.2748,18.5,1.7,UMUTLU-NURHAK (KAHRAMANMARAS) �lksel
2023.05.02,10:53:34,37.83,36.4455,5.0,1.4,GEBEN-ANDIRIN (KAHRAMANMARAS) �lksel
2023.05.02,10:48:16,37.8508,36.3153,5.0,2.0,PAYAMBURNU-GOKSUN (KAHRAMANMARAS) �lksel
2023.05.02,10:37:44,38.0903,36.7285,5.0,2.0,FINDIK-GOKSUN (KAHRAMANMARAS) �lksel
2023.05.02,10:34:38,37.0898,28.4248,7.0,1.4,ULA (MUGLA) �lksel
2023.05.02,10:29:53,38.284,37.6057,5.0,2.5,TOPALLI-ELBISTAN (KAHRAMANMARAS) �lksel
2023.05.02,10:28:23,38.4137,37.6247,12.8,1.7,YUKARIULUPINAR-DARENDE (MALATYA) �lksel
2023.05.02,09:53:34,38.8797,43.4942,8.1,2.9,ERMISLER-(VAN) �lksel
2023.05.02,09:43:55,39.2057,40.2135,3.4,2.6,ZEYNELLI-YAYLADERE (BINGOL) �lksel
2023.05.02,09:43:19,39.1465,40.194,10.2,2.5,DEMIRTAS-KARAKOCAN (ELAZIG) �lksel
2023.05.02,09:11:56,38.076,36.628,5.0,1.5,GUCUKSU-GOKSUN (KAHRAMANMARAS) �lksel
2023.05.02,08:58:57,37.9202,36.8412,2.9,1.4,SULEYMANLI-(KAHRAMANMARAS) �lksel
2023.05.02,08:46:40,38.6525,37.5162,6.5,1.6,CUKURKAYA-DARENDE (MALATYA) �lksel
2023.05.02,08:30:30,38.0982,38.2633,3.6,2.2,ALTINTAS-CELIKHAN (ADIYAMAN) �lksel
2023.05.02,08:20:59,37.3042,37.02,5.5,2.0,CENNETPINARI-PAZARCIK (KAHRAMANMARAS) �lksel
2023.05.02,08:14:43,37.1708,36.725,6.0,2.2,NURDAGI (GAZIANTEP) �lksel
2023.05.02,07:58:02,38.8082,37.5042,5.0,3.0,BAGLICAY-GURUN (SIVAS) �lksel
2023.05.02,07:46:59,38.3827,37.7018,5.6,2.5,KOZLUCA-AKCADAG (MALATYA) �lksel
2023.05.02,07:38:12,38.2885,38.4698,9.2,2.2,BEYDAGI-(MALATYA) �lksel
2023.05.02,07:04:11,38.2995,37.6543,5.0,2.5,HARUNUSAGI-AKCADAG (MALATYA) �lksel
2023.05.02,06:48:21,37.2912,37.0103,5.0,1.6,AKDEMIR-PAZARCIK (KAHRAMANMARAS) �lksel
2023.05.02,06:47:01,38.3322,27.2655,21.7,1.5,BELENBASI-BUCA (IZMIR) �lksel
2023.05.02,06:46:29,38.142,36.7185,5.3,2.3,KARAOMER-GOKSUN (KAHRAMANMARAS) �lksel
2023.05.02,06:40:32,37.8957,36.2477,11.8,1.6,TOPALLAR-SAIMBEYLI (ADANA) �lksel
2023.05.02,06:38:24,37.9598,36.3348,14.0,1.5,SIRMALI-GOKSUN (KAHRAMANMARAS) �lksel
2023.05.02,06:27:56,40.4593,27.5705,10.4,2.9,HARMANLI-ERDEK (BALIKESIR) �lksel
2023.05.02,06:21:35,38.2943,38.7495,5.0,2.4,BALPINARI-PUTURGE (MALATYA) �lksel
2023.05.02,06:19:52,39.1853,27.389,13.5,1.5,KADIKOY-BERGAMA (IZMIR) �lksel
2023.05.02,06:17:27,36.4978,36.3942,12.8,1.6,MAHMUTLU-KIRIKHAN (HATAY) �lksel
2023.05.02,06:03:17,38.0038,37.4773,9.7,1.6,KULLAR-NURHAK (KAHRAMANMARAS) �lksel
2023.05.02,05:57:15,38.148,38.3397,13.4,1.9,ORTAKOY-YESILYURT (MALATYA) �lksel
2023.05.02,05:49:36,38.3777,37.7715,3.7,2.4,DEMIRCILER-AKCADAG (MALATYA) �lksel
2023.05.02,05:41:27,38.3603,37.5452,1.6,1.6,YOGUNSOGUT-ELBISTAN (KAHRAMANMARAS) �lksel
2023.05.02,05:36:00,36.51,28.8662,2.0,2.4,FETHIYE KORFEZI (AKDENIZ) �lksel
2023.05.02,05:31:52,38.0867,36.511,6.8,1.7,ALICLIBUCAK-GOKSUN (KAHRAMANMARAS) �lksel
2023.05.02,05:24:27,37.6987,36.1427,8.2,1.5,ESENLI-SUMBAS (OSMANIYE) �lksel
2023.05.02,05:02:11,36.4948,36.3668,5.0,2.0,KIRIKHAN (HATAY) �lksel
2023.05.02,04:56:45,38.0002,27.864,7.3,1.3,DIBEKCI-TIRE (IZMIR) �lksel
2023.05.02,04:55:00,37.8875,36.6562,9.7,1.7,TEKIR-(KAHRAMANMARAS) �lksel
2023.05.02,04:51:09,38.3238,37.7387,15.4,1.1,KEPEZ-AKCADAG (MALATYA) �lksel
2023.05.02,04:45:56,37.8138,36.6217,7.5,1.8,CAGLAYAN-(KAHRAMANMARAS) �lksel
2023.05.02,04:36:49,37.98,36.5173,5.5,2.1,KIRECKOY-GOKSUN (KAHRAMANMARAS) �lksel
2023.05.02,04:35:04,37.9458,36.2877,5.0,2.1,KAZANDERE-GOKSUN (KAHRAMANMARAS) �lksel
2023.05.02,04:34:17,38.381,37.7183,2.4,1.3,KOZLUCA-AKCADAG (MALATYA) �lksel
2023.05.02,04:25:17,38.3215,27.23,11.9,2.0,ZAFER-BUCA (IZMIR) �lksel
2023.05.02,04:24:19,37.8698,36.6062,5.0,3.2,TEKIR-(KAHRAMANMARAS) REVIZE01 (2023.05.02 04:24:26)
2023.05.02,04:18:54,38.0683,37.6473,2.2,2.1,BEGRE-DOGANSEHIR (MALATYA) �lksel
2023.05.02,04:15:11,38.0022,36.3218,5.0,1.8,KAZANDERE-GOKSUN (KAHRAMANMARAS) �lksel
2023.05.02,04:14:04,38.0927,36.3548,12.1,1.6,SOGUKPINAR-GOKSUN (KAHRAMANMARAS) �lksel
2023.05.02,04:10:27,37.861,36.2808,3.4,1.6,TOPALLAR-SAIMBEYLI (ADANA) �lksel
2023.05.02,03:43:45,37.1048,28.4692,7.2,0.9,CICEKLI-ULA (MUGLA) �lksel
2023.05.02,03:41:02,37.901,36.2507,19.1,1.4,TOPALLAR-SAIMBEYLI (ADANA) �lksel
2023.05.02,03:28:08,37.9265,36.2767,19.2,1.4,HACIKODAL-GOKSUN (KAHRAMANMARAS) �lksel
2023.05.02,03:25:38,36.9593,35.6355,3.2,1.9,KIZILDERE-CEYHAN (ADANA) �lksel
2023.05.02,03:19:11,38.3253,27.1978,7.2,1.9,ZAFER-BUCA (IZMIR) �lksel
2023.05.02,03:18:06,38.1448,36.5585,21.4,1.3,KOMURKOY-GOKSUN (KAHRAMANMARAS) �lksel
2023.05.02,03:15:13,38.0273,37.5437,9.7,1.7,TATLAR-NURHAK (KAHRAMANMARAS) �lksel
2023.05.02,03:10:35,37.6493,35.4003,6.2,1.7,YETIMLI-ALADAG (ADANA) �lksel
2023.05.02,03:00:04,38.4583,37.3398,5.0,2.0,GAZIKOY-DARENDE (MALATYA) �lksel
2023.05.02,02:58:34,40.7983,30.9865,10.8,1.4,YAZLIK-GOLYAKA (DUZCE) �lksel
2023.05.02,02:56:54,38.1557,36.8843,5.0,1.5,ESENCE-AFSIN (KAHRAMANMARAS) �lksel
2023.05.02,02:56:20,37.874,36.2133,5.3,1.6,KARAKUYU-SAIMBEYLI (ADANA) �lksel
2023.05.02,02:36:54,37.0885,28.4268,2.3,1.1,ULA (MUGLA) �lksel
2023.05.02,02:34:24,37.8407,36.249,9.4,1.4,KARAKUYU-SAIMBEYLI (ADANA) �lksel
2023.05.02,02:30:49,38.3137,37.6038,18.9,1.4,TOPALLI-ELBISTAN (KAHRAMANMARAS) �lksel
2023.05.02,02:20:58,36.95,28.1748,5.0,1.2,KARACA-MARMARIS (MUGLA) �lksel
2023.05.02,02:17:20,37.1328,28.448,12.3,0.9,ULA (MUGLA) �lksel
2023.05.02,02:06:37,36.7023,36.3823,22.0,1.5,GUVENC-HASSA (HATAY) �lksel
2023.05.02,02:05:15,38.4415,37.3183,28.3,1.1,AKARCA-ELBISTAN (KAHRAMANMARAS) �lksel
2023.05.02,02:04:50,37.1028,28.4727,12.9,1.4,CICEKLI-ULA (MUGLA) �lksel
2023.05.02,01:48:48,37.2107,36.7715,6.4,1.7,BELPINAR-NURDAGI (GAZIANTEP) �lksel
2023.05.02,01:38:04,38.5458,40.419,14.4,1.4,SENLIK-LICE (DIYARBAKIR) �lksel
2023.05.02,01:37:25,36.7215,36.445,7.9,1.6,ZEYTINOBA-HASSA (HATAY) �lksel
2023.05.02,01:29:57,38.5605,40.4333,13.2,1.5,SENLIK-LICE (DIYARBAKIR) �lksel
2023.05.02,01:25:49,38.2397,38.571,7.3,2.7,GULUMUSAGI-(MALATYA) �lksel
2023.05.02,01:23:56,38.306,37.7173,1.7,1.6,CEVIRME-AKCADAG (MALATYA) �lksel
2023.05.02,01:19:17,36.6723,36.1713,10.4,1.2,SARISEKI-ISKENDERUN (HATAY) �lksel
2023.05.02,01:17:45,37.9963,36.3845,13.5,1.8,HUGTAS-GOKSUN (KAHRAMANMARAS) �lksel
2023.05.02,01:14:26,37.8805,36.2775,2.0,1.3,TOPALLAR-SAIMBEYLI (ADANA) �lksel
2023.05.02,01:02:28,37.8257,36.2403,9.1,1.6,KARAKUYU-SAIMBEYLI (ADANA) �lksel
2023.05.02,01:01:41,38.0448,37.4592,14.0,1.7,TATLAR-NURHAK (KAHRAMANMARAS) �lksel
2023.05.02,00:50:49,37.9112,36.2265,5.3,2.0,AKSAAGAC-SAIMBEYLI (ADANA) �lksel
2023.05.02,00:50:25,37.8652,36.2448,7.6,1.9,TOPALLAR-SAIMBEYLI (ADANA) �lksel
2023.05.02,00:48:28,37.853,36.5993,3.2,2.0,CEVREPINAR-(KAHRAMANMARAS) �lksel
2023.05.02,00:47:11,38.1877,36.9228,24.4,1.4,HUYUKLU-AFSIN (KAHRAMANMARAS) �lksel
2023.05.02,00:35:57,38.1292,38.5698,5.0,4.4,ARIKONAK-SINCIK (ADIYAMAN) �lksel
2023.05.02,00:24:58,38.042,36.5097,5.3,1.4,HACIMIRZA-GOKSUN (KAHRAMANMARAS) �lksel
2023.05.02,00:20:45,37.6657,35.3913,5.1,2.0,YETIMLI-ALADAG (ADANA) �lksel
2023.05.02,00:15:34,38.071,37.3408,7.3,1.7,AGCASAR-NURHAK (KAHRAMANMARAS) �lksel
2023.05.02,00:08:29,38.106,38.0963,6.2,1.5,YALINKAYA-YESILYURT (MALATYA) �lksel
2023.05.02,00:07:55,37.1342,28.4725,7.4,1.6,ARMUTCUK-ULA (MUGLA) �lksel
2023.05.02,00:03:16,40.5963,33.4087,13.8,2.0,CUKUROZ-ELDIVAN (CANKIRI) �lksel
2023.05.01,23:58:17,38.4743,36.9725,5.6,2.2,BUYUKTATLI-AFSIN (KAHRAMANMARAS) �lksel
2023.05.01,23:50:41,37.11,28.4628,10.1,1.0,CICEKLI-ULA (MUGLA) �lksel
2023.05.01,23:49:07,37.115,28.4643,11.1,1.1,ARMUTCUK-ULA (MUGLA) �lksel
2023.05.01,23:48:23,37.1842,37.2502,6.9,1.8,BOYNO-SEHITKAMIL (GAZIANTEP) �lksel
2023.05.01,23:42:44,38.167,38.2328,21.8,2.1,ATALAR-YESILYURT (MALATYA) �lksel
2023.05.01,23:40:56,37.1028,28.4857,2.7,3.4,CICEKLI-ULA (MUGLA) �lksel
2023.05.01,23:32:16,38.2878,37.6653,1.5,1.7,HARUNUSAGI-AKCADAG (MALATYA) �lksel
2023.05.01,23:20:20,37.9073,36.2578,5.3,2.1,TOPALLAR-SAIMBEYLI (ADANA) �lksel
2023.05.01,23:10:54,40.7247,25.738,6.3,2.6,EGE DENIZI �lksel
2023.05.01,23:09:45,36.3483,36.2837,6.0,1.9,ASAGIOBA-(HATAY) �lksel
2023.05.01,22:49:36,37.9642,36.3318,2.8,1.6,SIRMALI-GOKSUN (KAHRAMANMARAS) �lksel
2023.05.01,22:46:16,38.344,37.7805,5.0,1.3,KEPEZ-AKCADAG (MALATYA) �lksel
2023.05.01,22:43:08,38.3183,37.7625,15.2,1.4,DUTLU-AKCADAG (MALATYA) �lksel
2023.05.01,22:42:11,38.1422,37.7555,12.8,2.0,CAVUSLU-DOGANSEHIR (MALATYA) �lksel
2023.05.01,22:37:24,38.3188,37.7992,7.7,1.7,ORTAKOY-AKCADAG (MALATYA) �lksel
2023.05.01,22:28:29,38.488,40.3457,15.8,1.6,YAYDERE-GENC (BINGOL) �lksel
2023.05.01,22:13:00,38.2723,42.4262,11.7,2.2,SUTTASI-HIZAN (BITLIS) �lksel
2023.05.01,22:07:56,35.8612,35.9493,7.7,1.5,DENIZGOREN-YAYLADAGI (HATAY) �lksel
2023.05.01,22:06:31,38.1477,36.6757,5.4,1.2,KARAOMER-GOKSUN (KAHRAMANMARAS) �lksel
2023.05.01,22:03:55,38.2153,37.1638,5.0,1.4,KARAELBISTAN-ELBISTAN (KAHRAMANMARAS) �lksel
2023.05.01,22:02:54,37.154,36.813,5.4,1.5,KOMURLER-NURDAGI (GAZIANTEP) �lksel
2023.05.01,21:37:51,38.1218,36.415,13.5,1.5,MURSEL-GOKSUN (KAHRAMANMARAS) �lksel
2023.05.01,21:31:37,38.3168,37.6398,5.7,1.7,DARICA-AKCADAG (MALATYA) �lksel
2023.05.01,21:31:25,38.132,36.6227,8.3,1.5,YENIYAPAN-GOKSUN (KAHRAMANMARAS) �lksel
2023.05.01,21:30:12,38.335,37.77,5.9,1.6,KEPEZ-AKCADAG (MALATYA) �lksel
2023.05.01,21:24:43,38.3333,37.808,7.7,2.2,KAHYALI-AKCADAG (MALATYA) �lksel
2023.05.01,21:23:10,38.5493,39.2495,11.9,1.9,KUYULU-(ELAZIG) �lksel
2023.05.01,21:17:33,38.3687,37.7593,5.0,1.2,DEMIRCILER-AKCADAG (MALATYA) �lksel
2023.05.01,21:03:47,38.3588,38.1557,8.0,2.6,KUSDOGAN-YESILYURT (MALATYA) �lksel
2023.05.01,21:03:29,38.2393,37.9562,5.0,2.7,OREN-AKCADAG (MALATYA) �lksel
2023.05.01,21:02:43,37.8132,36.3172,16.9,1.6,CIGSAR-ANDIRIN (KAHRAMANMARAS) �lksel
2023.05.01,20:57:58,38.3517,37.8022,9.9,1.2,DURULOVA-AKCADAG (MALATYA) �lksel
2023.05.01,20:55:47,38.2328,38.5252,14.5,2.0,GULUMUSAGI-(MALATYA) �lksel
2023.05.01,20:53:35,38.0448,36.5105,3.9,1.5,HACIMIRZA-GOKSUN (KAHRAMANMARAS) �lksel
2023.05.01,20:40:05,37.9802,36.2228,12.6,1.4,KALEBOYNU-GOKSUN (KAHRAMANMARAS) �lksel
2023.05.01,20:31:01,37.4148,36.9175,2.1,1.5,KUYUMCULAR-TURKOGLU (KAHRAMANMARAS) �lksel
2023.05.01,20:17:41,38.1883,38.4432,11.3,1.7,GULUMUSAGI-(MALATYA) �lksel
2023.05.01,20:16:12,38.9712,33.394,9.6,2.0,BOZAN-KULU (KONYA) �lksel
2023.05.01,20:10:39,37.9912,36.4125,15.4,1.7,ACIELMA-GOKSUN (KAHRAMANMARAS) �lksel
2023.05.01,20:07:53,38.0678,36.7692,7.9,1.8,KORKMAZ-GOKSUN (KAHRAMANMARAS) �lksel
2023.05.01,19:49:07,38.117,36.665,8.3,1.6,KARAOMER-GOKSUN (KAHRAMANMARAS) �lksel
2023.05.01,19:47:14,38.5728,37.513,5.0,2.0,DARENDE (MALATYA) �lksel
2023.05.01,19:34:14,37.371,36.8958,5.1,1.9,GOLLUHUYUK-TURKOGLU (KAHRAMANMARAS) �lksel
2023.05.01,19:29:42,38.1193,36.3777,5.0,3.4,MURSEL-GOKSUN (KAHRAMANMARAS) �lksel
2023.05.01,19:24:49,38.1613,38.2603,12.0,2.1,ALTINTAS-CELIKHAN (ADIYAMAN) �lksel
2023.05.01,18:59:44,38.1517,38.2785,18.0,2.7,KALECIK-CELIKHAN (ADIYAMAN) �lksel
2023.05.01,18:33:32,38.2435,37.2868,5.0,2.0,SOGUTLU-ELBISTAN (KAHRAMANMARAS) �lksel
2023.05.01,18:31:36,37.7497,35.3987,12.3,1.7,BUYUKCAKIR-YAHYALI (KAYSERI) �lksel
2023.05.01,18:20:30,38.4597,39.7292,7.9,2.7,ARSLANTASI-MADEN (ELAZIG) �lksel
2023.05.01,18:12:19,37.9827,36.3778,5.4,1.9,HUGTAS-GOKSUN (KAHRAMANMARAS) �lksel
2023.05.01,17:58:24,36.0393,36.0147,8.9,2.4,SEBENOBA-YAYLADAGI (HATAY) �lksel
2023.05.01,17:57:49,37.8517,36.3598,4.8,1.8,KUCUKCAMURLU-GOKSUN (KAHRAMANMARAS) �lksel
2023.05.01,17:57:16,36.948,28.1448,7.6,1.8,GOKOVA KORFEZI (AKDENIZ) �lksel
2023.05.01,17:45:23,37.1562,28.449,20.5,1.5,YARAS-(MUGLA) �lksel
2023.05.01,17:42:55,37.9953,36.4032,11.2,1.9,ACIELMA-GOKSUN (KAHRAMANMARAS) �lksel
2023.05.01,17:30:52,37.9975,36.446,5.0,3.7,YIRICEK-GOKSUN (KAHRAMANMARAS) �lksel
2023.05.01,17:29:36,37.9505,37.709,5.9,2.3,ORENCIK-DOGANSEHIR (MALATYA) �lksel
2023.05.01,17:27:45,38.6563,39.915,17.4,2.4,YESILBAYIR-PALU (ELAZIG) �lksel
2023.05.01,17:22:54,38.2703,37.715,17.3,2.1,HARUNUSAGI-AKCADAG (MALATYA) �lksel
2023.05.01,16:50:36,39.4487,31.5563,0.0,1.3,SIVRIHISAR (ESKISEHIR) �lksel
2023.05.01,16:15:28,38.3298,42.4377,3.6,2.6,ALADANA-HIZAN (BITLIS) �lksel
2023.05.01,15:46:55,37.9248,36.4467,17.3,1.7,FINDIKLIKOYAK-GOKSUN (KAHRAMANMARAS) �lksel
2023.05.01,15:38:21,38.2223,38.589,6.2,2.3,SOGUTLU-PUTURGE (MALATYA) �lksel
2023.05.01,14:41:18,38.4612,42.499,18.4,2.0,KOYLUCA-TATVAN (BITLIS) �lksel
2023.05.01,14:38:22,36.345,27.0222,9.3,2.5,AKDENIZ �lksel
2023.05.01,14:26:29,40.044,23.9137,12.0,3.1,YUNANISTAN �lksel
2023.05.01,13:59:01,38.5243,37.629,14.6,1.3,IRMAKLI-DARENDE (MALATYA) �lksel
2023.05.01,13:34:21,37.882,36.2647,5.4,1.6,TOPALLAR-SAIMBEYLI (ADANA) �lksel
2023.05.01,13:19:13,38.6903,35.34,7.9,1.9,KARPUZSEKISI-HACILAR (KAYSERI) �lksel
2023.05.01,13:02:55,38.8397,37.887,18.4,2.1,BEYKENT-HEKIMHAN (MALATYA) �lksel
2023.05.01,12:46:10,38.6988,35.2942,4.9,1.7,KARPUZSEKISI-HACILAR (KAYSERI) �lksel
2023.05.01,12:39:30,38.0728,37.2658,6.9,1.9,GUMUSDOVEN-ELBISTAN (KAHRAMANMARAS) �lksel
2023.05.01,12:31:44,39.0558,26.9408,4.8,1.8,UZUNBURUN-DIKILI (IZMIR) �lksel
2023.05.01,12:31:14,38.05,37.5383,6.0,2.0,TATLAR-NURHAK (KAHRAMANMARAS) �lksel
2023.05.01,12:23:42,37.8983,37.785,2.5,2.6,KARABAHSILI-GOLBASI (ADIYAMAN) �lksel
2023.05.01,12:21:17,38.3513,37.7733,5.0,2.1,DEMIRCILER-AKCADAG (MALATYA) �lksel
2023.05.01,12:05:04,38.4287,39.051,5.0,1.7,GOZELI-SIVRICE (ELAZIG) �lksel
2023.05.01,12:04:29,37.0167,35.7068,21.6,1.3,ALTIKARA-CEYHAN (ADANA) �lksel
2023.05.01,11:41:29,38.096,36.5782,1.7,2.0,YAGMURLU-GOKSUN (KAHRAMANMARAS) �lksel
2023.05.01,11:35:03,38.1577,38.5135,12.9,2.4,ULUKOY-(MALATYA) �lksel
2023.05.01,11:25:12,38.2928,42.4442,5.5,2.4,YOGURTLU-HIZAN (BITLIS) �lksel
2023.05.01,11:23:22,38.383,37.7007,6.7,1.7,KOZLUCA-AKCADAG (MALATYA) �lksel
2023.05.01,11:22:16,36.664,36.1952,2.8,1.8,SARISEKI-ISKENDERUN (HATAY) �lksel
2023.05.01,11:15:16,38.4705,37.4278,5.0,2.0,YAVUZLAR-DARENDE (MALATYA) �lksel
2023.05.01,11:11:01,37.172,36.9552,9.1,1.4,SAKCAGOZE-NURDAGI (GAZIANTEP) �lksel
2023.05.01,10:54:32,38.0197,36.836,2.3,1.9,KINIKKOZ-GOKSUN (KAHRAMANMARAS) �lksel
2023.05.01,10:48:21,38.2458,38.0765,5.5,3.2,KIRLANGIC-YESILYURT (MALATYA) �lksel
2023.05.01,10:36:22,37.354,37.0142,5.1,1.6,DEMIRCILER-PAZARCIK (KAHRAMANMARAS) �lksel
2023.05.01,10:25:00,39.0583,40.4527,9.1,2.3,SUDUGUNU-(BINGOL) �lksel
2023.05.01,10:20:10,37.3147,36.8428,4.9,1.9,MINEHUYUK-TURKOGLU (KAHRAMANMARAS) �lksel
2023.05.01,10:02:44,37.269,36.5657,24.8,2.0,BEKDEMIR-BAHCE (OSMANIYE) �lksel
2023.05.01,09:36:48,38.3123,38.6247,6.0,1.9,ALHANUSAGI-(MALATYA) �lksel
2023.05.01,09:18:24,38.0493,37.623,6.4,2.0,GOVDELI-DOGANSEHIR (MALATYA) �lksel
2023.05.01,08:59:10,38.4788,37.4698,5.0,1.5,YAVUZLAR-DARENDE (MALATYA) �lksel
2023.05.01,08:49:00,38.343,42.4672,5.0,2.2,ALADANA-HIZAN (BITLIS) �lksel
2023.05.01,08:40:03,36.4978,36.1565,7.4,2.1,MUFTULER-BELEN (HATAY) �lksel
2023.05.01,08:10:19,38.5503,40.6275,12.0,2.4,SAYDAMLI-LICE (DIYARBAKIR) �lksel
2023.05.01,07:49:55,38.1395,36.6735,5.2,1.6,KARAOMER-GOKSUN (KAHRAMANMARAS) �lksel
2023.05.01,07:48:46,38.1735,37.2942,5.0,2.0,AKBAYIR-ELBISTAN (KAHRAMANMARAS) �lksel
2023.05.01,07:42:46,39.1618,39.2557,6.1,2.3,UZUNDAL-HOZAT (TUNCELI) �lksel
2023.05.01,07:20:21,38.0905,37.6295,5.0,1.9,TAPKIRANKALE-ELBISTAN (KAHRAMANMARAS) �lksel
2023.05.01,07:17:29,37.9053,36.2208,5.0,2.0,AKSAAGAC-SAIMBEYLI (ADANA) �lksel
2023.05.01,07:06:16,38.1023,37.6352,5.0,2.3,TAPKIRANKALE-ELBISTAN (KAHRAMANMARAS) �lksel
2023.05.01,06:29:05,38.372,37.753,6.9,1.7,DEMIRCILER-AKCADAG (MALATYA) �lksel
2023.05.01,05:59:35,37.093,28.5293,12.2,1.1,KIYRA-ULA (MUGLA) �lksel
2023.05.01,05:50:09,38.077,36.6352,5.5,1.1,GUCUKSU-GOKSUN (KAHRAMANMARAS) �lksel
2023.05.01,05:41:26,38.315,38.9912,7.6,2.0,GOKCE-DOGANYOL (MALATYA) �lksel
2023.05.01,05:40:24,37.8898,36.3883,5.0,1.9,BUYUKCAMURLU-GOKSUN (KAHRAMANMARAS) �lksel
2023.05.01,05:37:45,38.3095,37.6447,5.0,1.8,TOPALLI-ELBISTAN (KAHRAMANMARAS) �lksel
2023.05.01,05:35:51,37.8812,26.7818,5.5,2.1,EGE DENIZI �lksel
2023.05.01,05:34:49,37.9898,36.4198,5.3,2.4,ACIELMA-GOKSUN (KAHRAMANMARAS) �lksel
2023.05.01,05:30:14,37.115,28.5337,9.7,1.6,GOLCUK-ULA (MUGLA) �lksel
2023.05.01,05:15:13,37.8643,26.8473,7.8,1.8,KUSADASI KORFEZI (EGE DENIZI) �lksel
2023.05.01,05:13:49,37.9398,36.3625,5.0,2.8,YOGUNOLUK-GOKSUN (KAHRAMANMARAS) �lksel
2023.05.01,04:48:02,37.9627,37.5453,5.6,2.3,KULLAR-NURHAK (KAHRAMANMARAS) �lksel
2023.05.01,04:42:26,37.3965,36.9242,5.3,2.6,TAHTALIDEDELER-TURKOGLU (KAHRAMANMARAS) �lksel
2023.05.01,04:37:31,37.1142,28.5318,5.3,1.9,GOLCUK-ULA (MUGLA) �lksel
2023.05.01,04:35:28,38.3657,37.8172,4.4,1.4,DURULOVA-AKCADAG (MALATYA) �lksel
2023.05.01,04:21:36,38.4222,37.438,3.8,1.9,YALINTAS-ELBISTAN (KAHRAMANMARAS) �lksel
2023.05.01,04:14:20,37.472,37.0217,7.0,1.8,KAPICAM-(KAHRAMANMARAS) �lksel
2023.05.01,04:11:19,38.5322,37.5072,5.6,1.4,DARENDE (MALATYA) �lksel
2023.05.01,04:02:36,38.0852,36.6173,6.7,1.8,YAGMURLU-GOKSUN (KAHRAMANMARAS) �lksel
2023.05.01,03:54:22,37.202,36.9872,5.0,1.1,SATIRHUYUK-NURDAGI (GAZIANTEP) �lksel
2023.05.01,03:49:28,38.0698,36.5598,4.4,3.3,YAGMURLU-GOKSUN (KAHRAMANMARAS) �lksel
2023.05.01,03:44:54,37.4237,37.0965,5.0,1.5,DENIZLI-PAZARCIK (KAHRAMANMARAS) �lksel
2023.05.01,03:43:31,36.6242,36.2098,5.5,1.6,CINARLI-ISKENDERUN (HATAY) �lksel
2023.05.01,03:42:22,37.9662,36.179,7.7,1.7,KALEBOYNU-GOKSUN (KAHRAMANMARAS) �lksel
2023.05.01,03:27:58,37.0552,28.454,2.7,1.2,ELMALI-ULA (MUGLA) �lksel
2023.05.01,03:22:26,38.2357,37.3032,5.0,1.9,SOGUTLU-ELBISTAN (KAHRAMANMARAS) �lksel
2023.05.01,03:19:32,38.0392,36.4822,5.2,1.4,CAGLAYAN-GOKSUN (KAHRAMANMARAS) �lksel
2023.05.01,03:10:40,37.84,36.2562,7.9,1.4,TOPALLAR-SAIMBEYLI (ADANA) �lksel
2023.05.01,02:50:49,38.3142,27.2192,15.2,1.9,ZAFER-BUCA (IZMIR) �lksel
2023.05.01,02:48:57,37.8992,36.204,3.1,1.4,AKSAAGAC-SAIMBEYLI (ADANA) �lksel
2023.05.01,02:43:39,36.9262,36.578,5.4,2.4,ALTINUZUM-ISLAHIYE (GAZIANTEP) �lksel
2023.05.01,02:40:22,37.8977,36.2848,16.8,1.0,TOPALLAR-SAIMBEYLI (ADANA) �lksel
2023.05.01,02:38:30,37.9023,36.2597,17.7,1.3,TOPALLAR-SAIMBEYLI (ADANA) �lksel
2023.05.01,02:32:47,37.8852,36.1948,4.9,2.0,KARAKUYU-SAIMBEYLI (ADANA) �lksel
2023.05.01,02:30:17,37.9948,36.3543,8.7,1.5,HUGTAS-GOKSUN (KAHRAMANMARAS) �lksel
2023.05.01,02:26:51,36.4842,36.266,3.8,2.2,KICI-BELEN (HATAY) �lksel
2023.05.01,02:20:49,37.1763,36.7372,5.4,1.8,NURDAGI (GAZIANTEP) �lksel
2023.05.01,02:10:35,36.7155,29.3642,3.1,1.2,SAHILCEYLAN-FETHIYE (MUGLA) �lksel
2023.05.01,02:10:31,37.8985,36.2622,4.5,1.3,TOPALLAR-SAIMBEYLI (ADANA) �lksel
2023.05.01,02:03:36,37.5697,37.1548,2.6,1.7,BULANIK-(KAHRAMANMARAS) �lksel
2023.05.01,01:53:19,37.4995,37.1605,5.5,2.5,DOGANLIKARAHASAN-PAZARCIK (KAHRAMANMARAS) �lksel
2023.05.01,01:44:31,38.1715,36.6688,4.8,1.1,ESENKOY-GOKSUN (KAHRAMANMARAS) �lksel
2023.05.01,01:43:27,37.8812,36.3357,3.1,1.5,KUCUKCAMURLU-GOKSUN (KAHRAMANMARAS) �lksel
2023.05.01,01:36:30,36.78,36.489,9.3,3.1,SOGUT-HASSA (HATAY) �lksel
2023.05.01,01:33:00,37.961,37.5357,4.8,2.5,KULLAR-NURHAK (KAHRAMANMARAS) �lksel
2023.05.01,01:30:18,37.8843,36.2433,5.0,1.7,TOPALLAR-SAIMBEYLI (ADANA) �lksel
2023.05.01,01:22:21,38.371,37.3403,4.2,1.6,INCECIK-ELBISTAN (KAHRAMANMARAS) �lksel
2023.05.01,01:18:00,40.6968,33.5388,5.2,2.6,ALPSARI-KORGUN (CANKIRI) �lksel
2023.05.01,01:01:17,38.3515,37.7633,5.0,1.6,DEMIRCILER-AKCADAG (MALATYA) �lksel
2023.05.01,00:44:50,38.1263,37.3598,1.8,1.7,AKBAYIR-ELBISTAN (KAHRAMANMARAS) �lksel
2023.05.01,00:34:55,37.8702,36.254,5.4,1.9,TOPALLAR-SAIMBEYLI (ADANA) �lksel
2023.05.01,00:33:38,38.0427,37.1437,4.3,1.9,CIFTLIKKALE-EKINOZU (KAHRAMANMARAS) �lksel
2023.05.01,00:26:20,37.8188,36.333,5.4,1.5,CIGSAR-ANDIRIN (KAHRAMANMARAS) �lksel
2023.05.01,00:15:39,37.9088,36.2298,4.4,1.7,AKSAAGAC-SAIMBEYLI (ADANA) �lksel
2023.05.01,00:09:54,37.1917,30.361,92.5,2.2,CAYKENARI-KORKUTELI (ANTALYA) �lksel
2023.04.30,23:44:43,37.8778,38.6188,18.7,2.2,ESENDERE-KAHTA (ADIYAMAN) �lksel
2023.04.30,23:36:46,38.3473,36.4028,3.0,2.0,MOLLAHUSUYINLER-SARIZ (KAYSERI) �lksel
2023.04.30,23:26:26,37.861,36.3308,5.3,1.6,KUCUKCAMURLU-GOKSUN (KAHRAMANMARAS) �lksel
2023.04.30,23:19:30,36.8375,36.4427,5.3,1.6,DEDEMLI-HASSA (HATAY) �lksel
2023.04.30,23:09:10,41.4553,39.3937,15.9,2.9,TRABZON ACIKLARI (KARADENIZ) �lksel
2023.04.30,23:05:49,36.7542,36.2523,7.8,1.9,KOZLUDERE-DORTYOL (HATAY) �lksel
2023.04.30,22:54:03,37.9565,36.2498,5.0,1.9,KALEBOYNU-GOKSUN (KAHRAMANMARAS) �lksel
2023.04.30,22:51:36,37.8802,36.447,2.4,1.6,BUYUKCAMURLU-GOKSUN (KAHRAMANMARAS) �lksel
2023.04.30,22:48:59,37.9442,36.2413,5.0,2.4,KALEBOYNU-GOKSUN (KAHRAMANMARAS) �lksel
2023.04.30,22:45:59,36.3542,36.2888,5.7,1.4,GULOVA-KUMLU (HATAY) �lksel
2023.04.30,22:43:39,38.1353,36.5065,22.2,1.2,BOZHUYUK-GOKSUN (KAHRAMANMARAS) �lksel
2023.04.30,22:29:39,38.0828,36.4248,5.3,1.3,MEHMETBEY-GOKSUN (KAHRAMANMARAS) �lksel
2023.04.30,22:23:41,37.2007,36.9937,5.4,1.4,SATIRHUYUK-NURDAGI (GAZIANTEP) �lksel
2023.04.30,22:16:27,38.1112,37.2467,5.0,1.5,GUMUSDOVEN-ELBISTAN (KAHRAMANMARAS) �lksel
2023.04.30,22:12:50,36.7207,38.2425,10.7,2.4,YUMURTALIK-SURUC (SANLIURFA) �lksel
2023.04.30,22:05:30,37.1368,28.4765,15.2,1.5,YARAS-(MUGLA) �lksel
2023.04.30,21:55:41,38.0958,36.5897,5.4,1.9,YAGMURLU-GOKSUN (KAHRAMANMARAS) �lksel
2023.04.30,21:39:33,36.0667,36.1827,5.0,2.7,CAYIR-(HATAY) �lksel
2023.04.30,21:30:23,37.9922,36.549,5.4,2.4,ASLANBEYCIFTLIGI-GOKSUN (KAHRAMANMARAS) �lksel
2023.04.30,21:28:50,40.5707,35.4983,5.0,2.4,KALECIK-MECITOZU (CORUM) �lksel
2023.04.30,21:23:42,38.1388,38.4062,9.1,3.2,SALKONAK-YESILYURT (MALATYA) �lksel
2023.04.30,21:19:16,37.4467,37.0365,5.0,1.5,YENIYURT-(KAHRAMANMARAS) �lksel
2023.04.30,21:17:54,37.3438,37.058,3.1,1.5,EMIROGLU-PAZARCIK (KAHRAMANMARAS) �lksel
2023.04.30,21:15:40,37.2037,36.9627,5.5,1.5,SATIRHUYUK-NURDAGI (GAZIANTEP) �lksel
2023.04.30,20:54:51,38.0137,37.3975,4.7,2.9,BARIS-NURHAK (KAHRAMANMARAS) �lksel
2023.04.30,20:45:17,35.9433,33.9052,5.0,2.0,AKDENIZ �lksel
2023.04.30,20:39:05,38.16,36.9273,3.4,2.6,NADIRKOY-AFSIN (KAHRAMANMARAS) �lksel
2023.04.30,20:23:58,37.3145,37.0283,3.9,2.9,CENNETPINARI-PAZARCIK (KAHRAMANMARAS) �lksel
2023.04.30,20:09:28,38.2897,38.0775,0.0,2.0,KARAPINAR-AKCADAG (MALATYA) �lksel
2023.04.30,20:08:14,37.9278,36.2212,3.9,1.8,AKSAAGAC-SAIMBEYLI (ADANA) �lksel
2023.04.30,20:01:40,38.4103,37.8012,5.0,2.2,KASIMUSAGI-AKCADAG (MALATYA) �lksel
2023.04.30,19:47:37,38.3368,37.791,8.1,1.6,KAHYALI-AKCADAG (MALATYA) �lksel
2023.04.30,19:28:42,40.744,42.4317,16.5,2.0,ATYOLU-SENKAYA (ERZURUM) �lksel
2023.04.30,19:02:56,38.042,36.5972,5.6,1.9,KALEKOY-GOKSUN (KAHRAMANMARAS) �lksel
2023.04.30,18:55:30,38.06,37.1438,4.8,3.0,EKINOZU (KAHRAMANMARAS) �lksel
2023.04.30,18:47:22,38.1737,36.7505,5.0,1.9,YAZIKOY-AFSIN (KAHRAMANMARAS) �lksel
2023.04.30,18:45:08,37.5198,35.2915,2.9,2.6,EBRISIM-ALADAG (ADANA) �lksel
2023.04.30,18:31:36,38.3037,37.804,14.3,2.7,ORTAKOY-AKCADAG (MALATYA) �lksel
2023.04.30,18:06:36,37.3423,35.6248,5.0,2.5,CAMILI-IMAMOGLU (ADANA) �lksel
2023.04.30,17:57:51,38.0565,36.7923,5.0,2.2,KORKMAZ-GOKSUN (KAHRAMANMARAS) �lksel
2023.04.30,17:45:44,37.884,36.3765,9.8,2.3,KUCUKCAMURLU-GOKSUN (KAHRAMANMARAS) �lksel
2023.04.30,17:45:05,37.8687,36.2698,11.0,2.1,TOPALLAR-SAIMBEYLI (ADANA) �lksel
2023.04.30,17:38:15,35.1145,33.6173,6.2,3.0,KIBRIS-DEGIRMENLIK �lksel
2023.04.30,17:32:40,37.898,36.673,5.3,2.5,TEKIR-(KAHRAMANMARAS) �lksel
2023.04.30,17:27:20,38.8655,27.9513,5.0,1.9,TOPLUCA-AKHISAR (MANISA) �lksel
2023.04.30,17:05:48,37.8617,36.2792,5.3,2.4,TOPALLAR-SAIMBEYLI (ADANA) �lksel
2023.04.30,16:21:09,37.3345,37.1423,1.7,1.8,EGLEN-PAZARCIK (KAHRAMANMARAS) �lksel
2023.04.30,16:07:56,37.8732,36.2473,4.4,2.0,TOPALLAR-SAIMBEYLI (ADANA) �lksel
2023.04.30,16:01:27,38.3418,37.7615,8.6,4.3,KEPEZ-AKCADAG (MALATYA) �lksel
2023.04.30,15:41:57,38.1323,38.3922,11.6,2.6,SALKONAK-YESILYURT (MALATYA) �lksel
2023.04.30,15:38:58,38.0895,36.6392,1.5,2.1,KANLIKAVAK-GOKSUN (KAHRAMANMARAS) �lksel
2023.04.30,15:32:27,38.142,38.2062,9.1,1.9,CAMPINAR-CELIKHAN (ADIYAMAN) �lksel
2023.04.30,15:23:40,40.777,29.2603,5.0,1.6,TUZLA (ISTANBUL) �lksel
2023.04.30,15:15:44,36.5018,38.3658,7.3,2.6,SURIYE �lksel
2023.04.30,14:10:26,38.1655,38.4163,8.7,3.0,SALKONAK-YESILYURT (MALATYA) �lksel
2023.04.30,14:08:18,38.4287,37.219,5.0,2.2,SARIYATAK-ELBISTAN (KAHRAMANMARAS) �lksel
2023.04.30,14:01:54,40.7528,27.3472,13.0,3.3,GAZIKOY-SARKOY (TEKIRDAG) �lksel
2023.04.30,14:00:37,36.7227,38.3297,8.9,2.8,MURSITPINAR-SURUC (SANLIURFA) �lksel
2023.04.30,13:53:23,38.0303,36.4422,2.2,2.9,CAGLAYAN-GOKSUN (KAHRAMANMARAS) �lksel
